indice,id_cliente,variable,valor,outlier_IQR,outlier_Zscore,z_score,limite_inferior_IQR,limite_superior_IQR,skewness,metodo_recomendado,hipotesis
0,CLI-100000,ingreso_mensual,11525805,True,True,3.810666052535662,-5221229.625,8702049.375,1.3669645194851103,Ambos métodos,Valor extremo severo; validar con la fuente original.
30,CLI-100030,ingreso_mensual,9568213,True,False,2.9990635288354652,-5221229.625,8702049.375,1.3669645194851103,Ambos métodos,Posible valor extremo; revisar con reglas de negocio.
97,CLI-100097,ingreso_mensual,12051997,True,True,4.028821191681538,-5221229.625,8702049.375,1.3669645194851103,Ambos métodos,Valor extremo severo; validar con la fuente original.
101,CLI-100101,ingreso_mensual,9406922,True,False,2.9321935259696343,-5221229.625,8702049.375,1.3669645194851103,Ambos métodos,Posible valor extremo; revisar con reglas de negocio.
104,CLI-100104,ingreso_mensual,10644038,True,True,3.4450922646801994,-5221229.625,8702049.375,1.3669645194851103,Ambos métodos,Valor extremo severo; validar con la fuente original.
123,CLI-100123,ingreso_mensual,8843857,True,False,2.698751125813089,-5221229.625,8702049.375,1.3669645194851103,Ambos métodos,Posible valor extremo; revisar con reglas de negocio.
141,CLI-100141,ingreso_mensual,11571109,True,True,3.829448741029339,-5221229.625,8702049.375,1.3669645194851103,Ambos métodos,Valor extremo severo; validar con la fuente original.
198,CLI-100198,ingreso_mensual,9526075,True,False,2.981593439489126,-5221229.625,8702049.375,1.3669645194851103,Ambos métodos,Posible valor extremo; revisar con reglas de negocio.
230,CLI-100230,ingreso_mensual,10616149,True,True,3.433529700681432,-5221229.625,8702049.375,1.3669645194851103,Ambos métodos,Valor extremo severo; validar con la fuente original.
252,CLI-100252,ingreso_mensual,11279944,True,True,3.708733980847867,-5221229.625,8702049.375,1.3669645194851103,Ambos métodos,Valor extremo severo; validar con la fuente original.
298,CLI-100298,ingreso_mensual,13092793,True,True,4.460327174673433,-5221229.625,8702049.375,1.3669645194851103,Ambos métodos,Valor extremo severo; validar con la fuente original.
339,CLI-100339,ingreso_mensual,10694740,True,True,3.4661129222823184,-5221229.625,8702049.375,1.3669645194851103,Ambos métodos,Valor extremo severo; validar con la fuente original.
348,CLI-100348,ingreso_mensual,9284665,True,False,2.8815067180239464,-5221229.625,8702049.375,1.3669645194851103,Ambos métodos,Posible valor extremo; revisar con reglas de negocio.
481,CLI-100481,ingreso_mensual,9799935,True,True,3.0951336803261014,-5221229.625,8702049.375,1.3669645194851103,Ambos métodos,Valor extremo severo; validar con la fuente original.
484,CLI-100484,ingreso_mensual,9561308,True,False,2.996200769166367,-5221229.625,8702049.375,1.3669645194851103,Ambos métodos,Posible valor extremo; revisar con reglas de negocio.
541,CLI-100541,ingreso_mensual,9821570,True,True,3.1041033842277588,-5221229.625,8702049.375,1.3669645194851103,Ambos métodos,Valor extremo severo; validar con la fuente original.
547,CLI-100547,ingreso_mensual,10217688,True,True,3.2683308476026984,-5221229.625,8702049.375,1.3669645194851103,Ambos métodos,Valor extremo severo; validar con la fuente original.
589,CLI-100589,ingreso_mensual,10462193,True,True,3.3697007321635857,-5221229.625,8702049.375,1.3669645194851103,Ambos métodos,Valor extremo severo; validar con la fuente original.
600,CLI-100600,ingreso_mensual,10234006,True,True,3.275096164370309,-5221229.625,8702049.375,1.3669645194851103,Ambos métodos,Valor extremo severo; validar con la fuente original.
649,CLI-100649,ingreso_mensual,9420625,True,False,2.9378746839342478,-5221229.625,8702049.375,1.3669645194851103,Ambos métodos,Posible valor extremo; revisar con reglas de negocio.
661,CLI-100661,ingreso_mensual,11653935,True,True,3.86378776092112,-5221229.625,8702049.375,1.3669645194851103,Ambos métodos,Valor extremo severo; validar con la fuente original.
668,CLI-100668,ingreso_mensual,10602414,True,True,3.427835275763971,-5221229.625,8702049.375,1.3669645194851103,Ambos métodos,Valor extremo severo; validar con la fuente original.
710,CLI-100710,ingreso_mensual,9449021,True,False,2.9496474462171904,-5221229.625,8702049.375,1.3669645194851103,Ambos métodos,Posible valor extremo; revisar con reglas de negocio.
719,CLI-100719,ingreso_mensual,8891750,True,False,2.7186071937105742,-5221229.625,8702049.375,1.3669645194851103,Ambos métodos,Posible valor extremo; revisar con reglas de negocio.
725,CLI-100725,ingreso_mensual,8783988,True,False,2.6739299008124724,-5221229.625,8702049.375,1.3669645194851103,Ambos métodos,Posible valor extremo; revisar con reglas de negocio.
864,CLI-100864,ingreso_mensual,9912508,True,True,3.1418055766663513,-5221229.625,8702049.375,1.3669645194851103,Ambos métodos,Valor extremo severo; validar con la fuente original.
982,CLI-100982,ingreso_mensual,8887067,True,False,2.7166656580798154,-5221229.625,8702049.375,1.3669645194851103,Ambos métodos,Posible valor extremo; revisar con reglas de negocio.
983,CLI-100983,ingreso_mensual,10971923,True,True,3.5810308532540382,-5221229.625,8702049.375,1.3669645194851103,Ambos métodos,Valor extremo severo; validar con la fuente original.
1033,CLI-101033,ingreso_mensual,9078489,True,False,2.7960277408282836,-5221229.625,8702049.375,1.3669645194851103,Ambos métodos,Posible valor extremo; revisar con reglas de negocio.
1064,CLI-101064,ingreso_mensual,8973928,True,False,2.7526775578071963,-5221229.625,8702049.375,1.3669645194851103,Ambos métodos,Posible valor extremo; revisar con reglas de negocio.
1081,CLI-101081,ingreso_mensual,11954484,True,True,3.988393055025086,-5221229.625,8702049.375,1.3669645194851103,Ambos métodos,Valor extremo severo; validar con la fuente original.
1111,CLI-101111,ingreso_mensual,9351424,True,False,2.909184483809514,-5221229.625,8702049.375,1.3669645194851103,Ambos métodos,Posible valor extremo; revisar con reglas de negocio.
1113,CLI-101113,ingreso_mensual,9190468,True,False,2.842453369356304,-5221229.625,8702049.375,1.3669645194851103,Ambos métodos,Posible valor extremo; revisar con reglas de negocio.
1133,CLI-101133,ingreso_mensual,11738979,True,True,3.899046346482136,-5221229.625,8702049.375,1.3669645194851103,Ambos métodos,Valor extremo severo; validar con la fuente original.
1138,CLI-101138,ingreso_mensual,9857302,True,True,3.1189175954509634,-5221229.625,8702049.375,1.3669645194851103,Ambos métodos,Valor extremo severo; validar con la fuente original.
1227,CLI-101227,ingreso_mensual,9857133,True,True,3.118847529356238,-5221229.625,8702049.375,1.3669645194851103,Ambos métodos,Valor extremo severo; validar con la fuente original.
1575,CLI-101575,ingreso_mensual,11450249,True,True,3.7793411184938943,-5221229.625,8702049.375,1.3669645194851103,Ambos métodos,Valor extremo severo; validar con la fuente original.
1680,CLI-101680,ingreso_mensual,9882372,True,True,3.129311423822332,-5221229.625,8702049.375,1.3669645194851103,Ambos métodos,Valor extremo severo; validar con la fuente original.
1693,CLI-101693,ingreso_mensual,8744145,True,False,2.657411300740656,-5221229.625,8702049.375,1.3669645194851103,Ambos métodos,Posible valor extremo; revisar con reglas de negocio.
1812,CLI-101812,ingreso_mensual,9045498,True,False,2.7823499270349124,-5221229.625,8702049.375,1.3669645194851103,Ambos métodos,Posible valor extremo; revisar con reglas de negocio.
1856,CLI-101856,ingreso_mensual,9062419,True,False,2.7893652429452405,-5221229.625,8702049.375,1.3669645194851103,Ambos métodos,Posible valor extremo; revisar con reglas de negocio.
1907,CLI-101907,ingreso_mensual,11884726,True,True,3.959471927002353,-5221229.625,8702049.375,1.3669645194851103,Ambos métodos,Valor extremo severo; validar con la fuente original.
1979,CLI-101979,ingreso_mensual,8892893,True,False,2.7190810726825916,-5221229.625,8702049.375,1.3669645194851103,Ambos métodos,Posible valor extremo; revisar con reglas de negocio.
2000,CLI-102000,ingreso_mensual,9740257,True,True,3.0703916424502924,-5221229.625,8702049.375,1.3669645194851103,Ambos métodos,Valor extremo severo; validar con la fuente original.
2134,CLI-102134,ingreso_mensual,9943285,True,True,3.1545654831595944,-5221229.625,8702049.375,1.3669645194851103,Ambos métodos,Valor extremo severo; validar con la fuente original.
2203,CLI-102203,ingreso_mensual,12886312,True,True,4.374721746833444,-5221229.625,8702049.375,1.3669645194851103,Ambos métodos,Valor extremo severo; validar con la fuente original.
2217,CLI-102217,ingreso_mensual,8794617,True,False,2.6783366021191846,-5221229.625,8702049.375,1.3669645194851103,Ambos métodos,Posible valor extremo; revisar con reglas de negocio.
2235,CLI-102235,ingreso_mensual,10330237,True,True,3.3149927937283126,-5221229.625,8702049.375,1.3669645194851103,Ambos métodos,Valor extremo severo; validar con la fuente original.
2295,CLI-102295,ingreso_mensual,12488846,True,True,4.209935413069808,-5221229.625,8702049.375,1.3669645194851103,Ambos métodos,Valor extremo severo; validar con la fuente original.
2362,CLI-102362,ingreso_mensual,9744861,True,True,3.072300425291209,-5221229.625,8702049.375,1.3669645194851103,Ambos métodos,Valor extremo severo; validar con la fuente original.
2384,CLI-102384,ingreso_mensual,10820595,True,True,3.518291433238783,-5221229.625,8702049.375,1.3669645194851103,Ambos métodos,Valor extremo severo; validar con la fuente original.
2444,CLI-102444,ingreso_mensual,9908812,True,True,3.1402732436124787,-5221229.625,8702049.375,1.3669645194851103,Ambos métodos,Valor extremo severo; validar con la fuente original.
2465,CLI-102465,ingreso_mensual,9349804,True,False,2.9085128443216157,-5221229.625,8702049.375,1.3669645194851103,Ambos métodos,Posible valor extremo; revisar con reglas de negocio.
2513,CLI-102513,ingreso_mensual,9858553,True,True,3.1194362503888406,-5221229.625,8702049.375,1.3669645194851103,Ambos métodos,Valor extremo severo; validar con la fuente original.
2575,CLI-102575,ingreso_mensual,11094981,True,True,3.632049749613187,-5221229.625,8702049.375,1.3669645194851103,Ambos métodos,Valor extremo severo; validar con la fuente original.
2622,CLI-102622,ingreso_mensual,11343006,True,True,3.7348789989872864,-5221229.625,8702049.375,1.3669645194851103,Ambos métodos,Valor extremo severo; validar con la fuente original.
2626,CLI-102626,ingreso_mensual,11856864,True,True,3.9479205569950504,-5221229.625,8702049.375,1.3669645194851103,Ambos métodos,Valor extremo severo; validar con la fuente original.
2678,CLI-102678,ingreso_mensual,12840038,True,True,4.355536903831581,-5221229.625,8702049.375,1.3669645194851103,Ambos métodos,Valor extremo severo; validar con la fuente original.
2717,CLI-102717,ingreso_mensual,9807193,True,True,3.0981427910687973,-5221229.625,8702049.375,1.3669645194851103,Ambos métodos,Valor extremo severo; validar con la fuente original.
2750,CLI-102750,ingreso_mensual,11213837,True,True,3.6813265292265647,-5221229.625,8702049.375,1.3669645194851103,Ambos métodos,Valor extremo severo; validar con la fuente original.
2769,CLI-102769,ingreso_mensual,10826663,True,True,3.5208071791724675,-5221229.625,8702049.375,1.3669645194851103,Ambos métodos,Valor extremo severo; validar con la fuente original.
2795,CLI-102795,ingreso_mensual,9797329,True,True,3.094053252853593,-5221229.625,8702049.375,1.3669645194851103,Ambos métodos,Valor extremo severo; validar con la fuente original.
2953,CLI-102953,ingreso_mensual,11171919,True,True,3.663947650181051,-5221229.625,8702049.375,1.3669645194851103,Ambos métodos,Valor extremo severo; validar con la fuente original.
2954,CLI-102954,ingreso_mensual,10716166,True,True,3.4749959763981915,-5221229.625,8702049.375,1.3669645194851103,Ambos métodos,Valor extremo severo; validar con la fuente original.
2960,CLI-102960,ingreso_mensual,10566663,True,True,3.4130131872875134,-5221229.625,8702049.375,1.3669645194851103,Ambos métodos,Valor extremo severo; validar con la fuente original.
3028,CLI-103028,ingreso_mensual,8780167,True,False,2.67234574372404,-5221229.625,8702049.375,1.3669645194851103,Ambos métodos,Posible valor extremo; revisar con reglas de negocio.
3090,CLI-103090,ingreso_mensual,9611515,True,True,3.017016203591628,-5221229.625,8702049.375,1.3669645194851103,Ambos métodos,Valor extremo severo; validar con la fuente original.
3116,CLI-103116,ingreso_mensual,8778575,True,False,2.671685712819883,-5221229.625,8702049.375,1.3669645194851103,Ambos métodos,Posible valor extremo; revisar con reglas de negocio.
3118,CLI-103118,ingreso_mensual,13670314,True,True,4.699762920778782,-5221229.625,8702049.375,1.3669645194851103,Ambos métodos,Valor extremo severo; validar con la fuente original.
3191,CLI-103191,ingreso_mensual,11590112,True,True,3.8373272380592995,-5221229.625,8702049.375,1.3669645194851103,Ambos métodos,Valor extremo severo; validar con la fuente original.
3215,CLI-103215,ingreso_mensual,9982563,True,True,3.170849838595199,-5221229.625,8702049.375,1.3669645194851103,Ambos métodos,Valor extremo severo; validar con la fuente original.
3268,CLI-103268,ingreso_mensual,9742702,True,True,3.0714053205662877,-5221229.625,8702049.375,1.3669645194851103,Ambos métodos,Valor extremo severo; validar con la fuente original.
3314,CLI-103314,ingreso_mensual,10743571,True,True,3.486357877735142,-5221229.625,8702049.375,1.3669645194851103,Ambos métodos,Valor extremo severo; validar con la fuente original.
3332,CLI-103332,ingreso_mensual,14208577,True,True,4.9229226032940545,-5221229.625,8702049.375,1.3669645194851103,Ambos métodos,Valor extremo severo; validar con la fuente original.
3334,CLI-103334,ingreso_mensual,9743370,True,True,3.0716822682069767,-5221229.625,8702049.375,1.3669645194851103,Ambos métodos,Valor extremo severo; validar con la fuente original.
3490,CLI-103490,ingreso_mensual,10372448,True,True,3.332493148310835,-5221229.625,8702049.375,1.3669645194851103,Ambos métodos,Valor extremo severo; validar con la fuente original.
3506,CLI-103506,ingreso_mensual,8815257,True,False,2.686893786705744,-5221229.625,8702049.375,1.3669645194851103,Ambos métodos,Posible valor extremo; revisar con reglas de negocio.
3528,CLI-103528,ingreso_mensual,8745354,True,False,2.6579125428029213,-5221229.625,8702049.375,1.3669645194851103,Ambos métodos,Posible valor extremo; revisar con reglas de negocio.
3582,CLI-103582,ingreso_mensual,10301366,True,True,3.3030231001140415,-5221229.625,8702049.375,1.3669645194851103,Ambos métodos,Valor extremo severo; validar con la fuente original.
3694,CLI-103694,ingreso_mensual,8783782,True,False,2.6738444948035176,-5221229.625,8702049.375,1.3669645194851103,Ambos métodos,Posible valor extremo; revisar con reglas de negocio.
3735,CLI-103735,ingreso_mensual,14706521,True,True,5.129366339813907,-5221229.625,8702049.375,1.3669645194851103,Ambos métodos,Valor extremo severo; validar con la fuente original.
3748,CLI-103748,ingreso_mensual,9234279,True,False,2.860617071581195,-5221229.625,8702049.375,1.3669645194851103,Ambos métodos,Posible valor extremo; revisar con reglas de negocio.
3768,CLI-103768,ingreso_mensual,10507476,True,True,3.3884747142194565,-5221229.625,8702049.375,1.3669645194851103,Ambos métodos,Valor extremo severo; validar con la fuente original.
3775,CLI-103775,ingreso_mensual,9488605,True,False,2.9660586668893982,-5221229.625,8702049.375,1.3669645194851103,Ambos métodos,Posible valor extremo; revisar con reglas de negocio.
3777,CLI-103777,ingreso_mensual,10520554,True,True,3.3938967520112695,-5221229.625,8702049.375,1.3669645194851103,Ambos métodos,Valor extremo severo; validar con la fuente original.
3806,CLI-103806,ingreso_mensual,9331278,True,False,2.900832107807536,-5221229.625,8702049.375,1.3669645194851103,Ambos métodos,Posible valor extremo; revisar con reglas de negocio.
3813,CLI-103813,ingreso_mensual,9451654,True,False,2.9507390676811642,-5221229.625,8702049.375,1.3669645194851103,Ambos métodos,Posible valor extremo; revisar con reglas de negocio.
3814,CLI-103814,ingreso_mensual,12110814,True,True,4.053206265607297,-5221229.625,8702049.375,1.3669645194851103,Ambos métodos,Valor extremo severo; validar con la fuente original.
3815,CLI-103815,ingreso_mensual,9667469,True,True,3.040214299829823,-5221229.625,8702049.375,1.3669645194851103,Ambos métodos,Valor extremo severo; validar con la fuente original.
3824,CLI-103824,ingreso_mensual,8797866,True,False,2.67968361242547,-5221229.625,8702049.375,1.3669645194851103,Ambos métodos,Posible valor extremo; revisar con reglas de negocio.
3972,CLI-103972,ingreso_mensual,8906874,True,False,2.7248774873000667,-5221229.625,8702049.375,1.3669645194851103,Ambos métodos,Posible valor extremo; revisar con reglas de negocio.
4006,CLI-104006,ingreso_mensual,11245643,True,True,3.694513051172306,-5221229.625,8702049.375,1.3669645194851103,Ambos métodos,Valor extremo severo; validar con la fuente original.
4058,CLI-104058,ingreso_mensual,9197858,True,False,2.8455172062794953,-5221229.625,8702049.375,1.3669645194851103,Ambos métodos,Posible valor extremo; revisar con reglas de negocio.
4063,CLI-104063,ingreso_mensual,11735852,True,True,3.897749916433581,-5221229.625,8702049.375,1.3669645194851103,Ambos métodos,Valor extremo severo; validar con la fuente original.
4168,CLI-104168,ingreso_mensual,11559626,True,True,3.8246879779185123,-5221229.625,8702049.375,1.3669645194851103,Ambos métodos,Valor extremo severo; validar con la fuente original.
4199,CLI-104199,ingreso_mensual,9993765,True,True,3.1754941012763345,-5221229.625,8702049.375,1.3669645194851103,Ambos métodos,Valor extremo severo; validar con la fuente original.
4231,CLI-104231,ingreso_mensual,9030954,True,False,2.7763200969657786,-5221229.625,8702049.375,1.3669645194851103,Ambos métodos,Posible valor extremo; revisar con reglas de negocio.
4262,CLI-104262,ingreso_mensual,13769621,True,True,4.74093483597924,-5221229.625,8702049.375,1.3669645194851103,Ambos métodos,Valor extremo severo; validar con la fuente original.
4290,CLI-104290,ingreso_mensual,10892929,True,True,3.5482805509657305,-5221229.625,8702049.375,1.3669645194851103,Ambos métodos,Valor extremo severo; validar con la fuente original.
4299,CLI-104299,ingreso_mensual,11902200,True,True,3.966716512441575,-5221229.625,8702049.375,1.3669645194851103,Ambos métodos,Valor extremo severo; validar con la fuente original.
4353,CLI-104353,ingreso_mensual,8857983,True,False,2.704607656310654,-5221229.625,8702049.375,1.3669645194851103,Ambos métodos,Posible valor extremo; revisar con reglas de negocio.
4384,CLI-104384,ingreso_mensual,10407840,True,True,3.347166398160036,-5221229.625,8702049.375,1.3669645194851103,Ambos métodos,Valor extremo severo; validar con la fuente original.
4417,CLI-104417,ingreso_mensual,9201539,True,False,2.8470433204492207,-5221229.625,8702049.375,1.3669645194851103,Ambos métodos,Posible valor extremo; revisar con reglas de negocio.
4434,CLI-104434,ingreso_mensual,11213462,True,True,3.681171057122884,-5221229.625,8702049.375,1.3669645194851103,Ambos métodos,Valor extremo severo; validar con la fuente original.
4488,CLI-104488,ingreso_mensual,12002367,True,True,4.008244976999807,-5221229.625,8702049.375,1.3669645194851103,Ambos métodos,Valor extremo severo; validar con la fuente original.
4518,CLI-104518,ingreso_mensual,8927920,True,False,2.7336029963508772,-5221229.625,8702049.375,1.3669645194851103,Ambos métodos,Posible valor extremo; revisar con reglas de negocio.
4523,CLI-104523,ingreso_mensual,11177866,True,True,3.666413230449281,-5221229.625,8702049.375,1.3669645194851103,Ambos métodos,Valor extremo severo; validar con la fuente original.
4527,CLI-104527,ingreso_mensual,11050684,True,True,3.6136845555419264,-5221229.625,8702049.375,1.3669645194851103,Ambos métodos,Valor extremo severo; validar con la fuente original.
4562,CLI-104562,ingreso_mensual,11925469,True,True,3.9763636601230017,-5221229.625,8702049.375,1.3669645194851103,Ambos métodos,Valor extremo severo; validar con la fuente original.
4596,CLI-104596,ingreso_mensual,9490903,True,False,2.967011399940751,-5221229.625,8702049.375,1.3669645194851103,Ambos métodos,Posible valor extremo; revisar con reglas de negocio.
4618,CLI-104618,ingreso_mensual,11044861,True,True,3.6112703847159797,-5221229.625,8702049.375,1.3669645194851103,Ambos métodos,Valor extremo severo; validar con la fuente original.
4634,CLI-104634,ingreso_mensual,10721315,True,True,3.47713071202979,-5221229.625,8702049.375,1.3669645194851103,Ambos métodos,Valor extremo severo; validar con la fuente original.
4646,CLI-104646,ingreso_mensual,13344986,True,True,4.564884444655903,-5221229.625,8702049.375,1.3669645194851103,Ambos métodos,Valor extremo severo; validar con la fuente original.
4764,CLI-104764,ingreso_mensual,8785415,True,False,2.6745215239910105,-5221229.625,8702049.375,1.3669645194851103,Ambos métodos,Posible valor extremo; revisar con reglas de negocio.
4769,CLI-104769,ingreso_mensual,9808057,True,True,3.098500998795677,-5221229.625,8702049.375,1.3669645194851103,Ambos métodos,Valor extremo severo; validar con la fuente original.
4807,CLI-104807,ingreso_mensual,13421692,True,True,4.596686159815624,-5221229.625,8702049.375,1.3669645194851103,Ambos métodos,Valor extremo severo; validar con la fuente original.
4883,CLI-104883,ingreso_mensual,10281353,True,True,3.2947258648848354,-5221229.625,8702049.375,1.3669645194851103,Ambos métodos,Valor extremo severo; validar con la fuente original.
4887,CLI-104887,ingreso_mensual,9622179,True,True,3.021437415628017,-5221229.625,8702049.375,1.3669645194851103,Ambos métodos,Valor extremo severo; validar con la fuente original.
4925,CLI-104925,ingreso_mensual,9463063,True,False,2.955469150963531,-5221229.625,8702049.375,1.3669645194851103,Ambos métodos,Posible valor extremo; revisar con reglas de negocio.
4998,CLI-104998,ingreso_mensual,11304315,True,True,3.7188380092179756,-5221229.625,8702049.375,1.3669645194851103,Ambos métodos,Valor extremo severo; validar con la fuente original.
5203,CLI-105203,ingreso_mensual,14849039,True,True,5.188453201873369,-5221229.625,8702049.375,1.3669645194851103,Ambos métodos,Valor extremo severo; validar con la fuente original.
5221,CLI-105221,ingreso_mensual,10979954,True,True,3.584360443826454,-5221229.625,8702049.375,1.3669645194851103,Ambos métodos,Valor extremo severo; validar con la fuente original.
5359,CLI-105359,ingreso_mensual,10320253,True,True,3.3108535044399305,-5221229.625,8702049.375,1.3669645194851103,Ambos métodos,Valor extremo severo; validar con la fuente original.
5447,CLI-105447,ingreso_mensual,8923647,True,False,2.731831443553476,-5221229.625,8702049.375,1.3669645194851103,Ambos métodos,Posible valor extremo; revisar con reglas de negocio.
5527,CLI-105527,ingreso_mensual,10561888,True,True,3.4110335091673183,-5221229.625,8702049.375,1.3669645194851103,Ambos métodos,Valor extremo severo; validar con la fuente original.
5538,CLI-105538,ingreso_mensual,10174896,True,True,3.250589614907541,-5221229.625,8702049.375,1.3669645194851103,Ambos métodos,Valor extremo severo; validar con la fuente original.
5647,CLI-105647,ingreso_mensual,9013890,True,False,2.7692454943599136,-5221229.625,8702049.375,1.3669645194851103,Ambos métodos,Posible valor extremo; revisar con reglas de negocio.
5696,CLI-105696,ingreso_mensual,16121645,True,True,5.71606582047623,-5221229.625,8702049.375,1.3669645194851103,Ambos métodos,Valor extremo severo; validar con la fuente original.
5705,CLI-105705,ingreso_mensual,9953282,True,True,3.1587101621475706,-5221229.625,8702049.375,1.3669645194851103,Ambos métodos,Valor extremo severo; validar con la fuente original.
5744,CLI-105744,ingreso_mensual,12445338,True,True,4.191897332304691,-5221229.625,8702049.375,1.3669645194851103,Ambos métodos,Valor extremo severo; validar con la fuente original.
5759,CLI-105759,ingreso_mensual,10596485,True,True,3.4253771581567176,-5221229.625,8702049.375,1.3669645194851103,Ambos métodos,Valor extremo severo; validar con la fuente original.
5798,CLI-105798,ingreso_mensual,9168270,True,False,2.8332502500029877,-5221229.625,8702049.375,1.3669645194851103,Ambos métodos,Posible valor extremo; revisar con reglas de negocio.
5855,CLI-105855,ingreso_mensual,9126147,True,False,2.815786379540796,-5221229.625,8702049.375,1.3669645194851103,Ambos métodos,Posible valor extremo; revisar con reglas de negocio.
5858,CLI-105858,ingreso_mensual,10053915,True,True,3.2004318267066423,-5221229.625,8702049.375,1.3669645194851103,Ambos métodos,Valor extremo severo; validar con la fuente original.
5883,CLI-105883,ingreso_mensual,9081622,True,False,2.797326658430497,-5221229.625,8702049.375,1.3669645194851103,Ambos métodos,Posible valor extremo; revisar con reglas de negocio.
5890,CLI-105890,ingreso_mensual,10017617,True,True,3.1853829562549496,-5221229.625,8702049.375,1.3669645194851103,Ambos métodos,Valor extremo severo; validar con la fuente original.
5951,CLI-105951,ingreso_mensual,12077376,True,True,4.0393431290663395,-5221229.625,8702049.375,1.3669645194851103,Ambos métodos,Valor extremo severo; validar con la fuente original.
6094,CLI-106094,ingreso_mensual,9527026,True,False,2.9819877167440594,-5221229.625,8702049.375,1.3669645194851103,Ambos métodos,Posible valor extremo; revisar con reglas de negocio.
6162,CLI-106162,ingreso_mensual,9163668,True,False,2.831342296346624,-5221229.625,8702049.375,1.3669645194851103,Ambos métodos,Posible valor extremo; revisar con reglas de negocio.
6175,CLI-106175,ingreso_mensual,11162943,True,True,3.660226269907361,-5221229.625,8702049.375,1.3669645194851103,Ambos métodos,Valor extremo severo; validar con la fuente original.
6258,CLI-106258,ingreso_mensual,15554251,True,True,5.4808286503548,-5221229.625,8702049.375,1.3669645194851103,Ambos métodos,Valor extremo severo; validar con la fuente original.
6263,CLI-106263,ingreso_mensual,8713730,True,False,2.644801476651499,-5221229.625,8702049.375,1.3669645194851103,Ambos métodos,Posible valor extremo; revisar con reglas de negocio.
6286,CLI-106286,ingreso_mensual,9672457,True,True,3.0422822861049084,-5221229.625,8702049.375,1.3669645194851103,Ambos métodos,Valor extremo severo; validar con la fuente original.
6322,CLI-106322,ingreso_mensual,9879107,True,True,3.127957780039623,-5221229.625,8702049.375,1.3669645194851103,Ambos métodos,Valor extremo severo; validar con la fuente original.
6344,CLI-106344,ingreso_mensual,9297223,True,False,2.8867131678319895,-5221229.625,8702049.375,1.3669645194851103,Ambos métodos,Posible valor extremo; revisar con reglas de negocio.
6438,CLI-106438,ingreso_mensual,10142094,True,True,3.2369901590544243,-5221229.625,8702049.375,1.3669645194851103,Ambos métodos,Valor extremo severo; validar con la fuente original.
6500,CLI-106500,ingreso_mensual,10037831,True,True,3.1937635245317284,-5221229.625,8702049.375,1.3669645194851103,Ambos métodos,Valor extremo severo; validar con la fuente original.
6675,CLI-106675,ingreso_mensual,9815400,True,True,3.101545349881874,-5221229.625,8702049.375,1.3669645194851103,Ambos métodos,Valor extremo severo; validar con la fuente original.
6734,CLI-106734,ingreso_mensual,12064049,True,True,4.033817857797683,-5221229.625,8702049.375,1.3669645194851103,Ambos métodos,Valor extremo severo; validar con la fuente original.
6862,CLI-106862,ingreso_mensual,9735263,True,True,3.0683211686215484,-5221229.625,8702049.375,1.3669645194851103,Ambos métodos,Valor extremo severo; validar con la fuente original.
6903,CLI-106903,ingreso_mensual,8998192,True,False,2.7627372248037214,-5221229.625,8702049.375,1.3669645194851103,Ambos métodos,Posible valor extremo; revisar con reglas de negocio.
6970,CLI-106970,ingreso_mensual,9836256,True,True,3.110192086400153,-5221229.625,8702049.375,1.3669645194851103,Ambos métodos,Valor extremo severo; validar con la fuente original.
6981,CLI-106981,ingreso_mensual,10124831,True,True,3.22983305258554,-5221229.625,8702049.375,1.3669645194851103,Ambos métodos,Valor extremo severo; validar con la fuente original.
7009,CLI-107009,ingreso_mensual,9847962,True,True,3.115045303588635,-5221229.625,8702049.375,1.3669645194851103,Ambos métodos,Valor extremo severo; validar con la fuente original.
7062,CLI-107062,ingreso_mensual,16149930,True,True,5.727792563016483,-5221229.625,8702049.375,1.3669645194851103,Ambos métodos,Valor extremo severo; validar con la fuente original.
7164,CLI-107164,ingreso_mensual,9653850,True,True,3.034567967616434,-5221229.625,8702049.375,1.3669645194851103,Ambos métodos,Valor extremo severo; validar con la fuente original.
7209,CLI-107209,ingreso_mensual,13291300,True,True,4.542626643700766,-5221229.625,8702049.375,1.3669645194851103,Ambos métodos,Valor extremo severo; validar con la fuente original.
7224,CLI-107224,ingreso_mensual,9015707,True,False,2.769998808526279,-5221229.625,8702049.375,1.3669645194851103,Ambos métodos,Posible valor extremo; revisar con reglas de negocio.
7243,CLI-107243,ingreso_mensual,9062550,True,False,2.7894195545334592,-5221229.625,8702049.375,1.3669645194851103,Ambos métodos,Posible valor extremo; revisar con reglas de negocio.
7253,CLI-107253,ingreso_mensual,9582970,True,True,3.0051816670594897,-5221229.625,8702049.375,1.3669645194851103,Ambos métodos,Valor extremo severo; validar con la fuente original.
7304,CLI-107304,ingreso_mensual,13999077,True,True,4.836065521371371,-5221229.625,8702049.375,1.3669645194851103,Ambos métodos,Valor extremo severo; validar con la fuente original.
7377,CLI-107377,ingreso_mensual,11265199,True,True,3.7026208177311606,-5221229.625,8702049.375,1.3669645194851103,Ambos métodos,Valor extremo severo; validar con la fuente original.
7391,CLI-107391,ingreso_mensual,10400044,True,True,3.3439342367725935,-5221229.625,8702049.375,1.3669645194851103,Ambos métodos,Valor extremo severo; validar con la fuente original.
7493,CLI-107493,ingreso_mensual,12429476,True,True,4.1853210696151555,-5221229.625,8702049.375,1.3669645194851103,Ambos métodos,Valor extremo severo; validar con la fuente original.
7521,CLI-107521,ingreso_mensual,11638668,True,True,3.8574581806360912,-5221229.625,8702049.375,1.3669645194851103,Ambos métodos,Valor extremo severo; validar con la fuente original.
7557,CLI-107557,ingreso_mensual,9479050,True,False,2.9620972376876264,-5221229.625,8702049.375,1.3669645194851103,Ambos métodos,Posible valor extremo; revisar con reglas de negocio.
7637,CLI-107637,ingreso_mensual,11673710,True,True,3.871986323188524,-5221229.625,8702049.375,1.3669645194851103,Ambos métodos,Valor extremo severo; validar con la fuente original.
7639,CLI-107639,ingreso_mensual,12938584,True,True,4.396393314309638,-5221229.625,8702049.375,1.3669645194851103,Ambos métodos,Valor extremo severo; validar con la fuente original.
7710,CLI-107710,ingreso_mensual,9875197,True,True,3.1263367242385836,-5221229.625,8702049.375,1.3669645194851103,Ambos métodos,Valor extremo severo; validar con la fuente original.
7833,CLI-107833,ingreso_mensual,8878875,True,False,2.7132693181508865,-5221229.625,8702049.375,1.3669645194851103,Ambos métodos,Posible valor extremo; revisar con reglas de negocio.
7854,CLI-107854,ingreso_mensual,12173040,True,True,4.079004684603579,-5221229.625,8702049.375,1.3669645194851103,Ambos métodos,Valor extremo severo; validar con la fuente original.
7894,CLI-107894,ingreso_mensual,12475536,True,True,4.204417189869852,-5221229.625,8702049.375,1.3669645194851103,Ambos métodos,Valor extremo severo; validar con la fuente original.
7935,CLI-107935,ingreso_mensual,8883832,True,False,2.715324452065401,-5221229.625,8702049.375,1.3669645194851103,Ambos métodos,Posible valor extremo; revisar con reglas de negocio.
7965,CLI-107965,ingreso_mensual,9071994,True,False,2.793334963992542,-5221229.625,8702049.375,1.3669645194851103,Ambos métodos,Posible valor extremo; revisar con reglas de negocio.
7974,CLI-107974,ingreso_mensual,10186362,True,True,3.2553433299496675,-5221229.625,8702049.375,1.3669645194851103,Ambos métodos,Valor extremo severo; validar con la fuente original.
8011,CLI-108011,ingreso_mensual,9147659,True,False,2.824705088592446,-5221229.625,8702049.375,1.3669645194851103,Ambos métodos,Posible valor extremo; revisar con reglas de negocio.
8058,CLI-108058,ingreso_mensual,10004250,True,True,3.1798411012952337,-5221229.625,8702049.375,1.3669645194851103,Ambos métodos,Valor extremo severo; validar con la fuente original.
8066,CLI-108066,ingreso_mensual,10426718,True,True,3.3549930711554365,-5221229.625,8702049.375,1.3669645194851103,Ambos métodos,Valor extremo severo; validar con la fuente original.
8070,CLI-108070,ingreso_mensual,8729388,True,False,2.651293162516632,-5221229.625,8702049.375,1.3669645194851103,Ambos métodos,Posible valor extremo; revisar con reglas de negocio.
8074,CLI-108074,ingreso_mensual,11747487,True,True,3.902573697570433,-5221229.625,8702049.375,1.3669645194851103,Ambos métodos,Valor extremo severo; validar con la fuente original.
8097,CLI-108097,ingreso_mensual,10333716,True,True,3.3164351602581887,-5221229.625,8702049.375,1.3669645194851103,Ambos métodos,Valor extremo severo; validar con la fuente original.
8103,CLI-108103,ingreso_mensual,9140501,True,False,2.821737437077398,-5221229.625,8702049.375,1.3669645194851103,Ambos métodos,Posible valor extremo; revisar con reglas de negocio.
8105,CLI-108105,ingreso_mensual,10017294,True,True,3.1852490429496467,-5221229.625,8702049.375,1.3669645194851103,Ambos métodos,Valor extremo severo; validar con la fuente original.
8200,CLI-108200,ingreso_mensual,11528512,True,True,3.811788353828095,-5221229.625,8702049.375,1.3669645194851103,Ambos métodos,Valor extremo severo; validar con la fuente original.
8229,CLI-108229,ingreso_mensual,13872195,True,True,4.7834612241469605,-5221229.625,8702049.375,1.3669645194851103,Ambos métodos,Valor extremo severo; validar con la fuente original.
8258,CLI-108258,ingreso_mensual,9489844,True,False,2.966572346719958,-5221229.625,8702049.375,1.3669645194851103,Ambos métodos,Posible valor extremo; revisar con reglas de negocio.
8268,CLI-108268,ingreso_mensual,10455395,True,True,3.366882333868071,-5221229.625,8702049.375,1.3669645194851103,Ambos métodos,Valor extremo severo; validar con la fuente original.
8395,CLI-108395,ingreso_mensual,9537902,True,False,2.9864968223430624,-5221229.625,8702049.375,1.3669645194851103,Ambos métodos,Posible valor extremo; revisar con reglas de negocio.
8400,CLI-108400,ingreso_mensual,8945323,True,False,2.740818145738469,-5221229.625,8702049.375,1.3669645194851103,Ambos métodos,Posible valor extremo; revisar con reglas de negocio.
8512,CLI-108512,ingreso_mensual,10991671,True,True,3.5892182215299773,-5221229.625,8702049.375,1.3669645194851103,Ambos métodos,Valor extremo severo; validar con la fuente original.
8522,CLI-108522,ingreso_mensual,11148377,True,True,3.654187318808145,-5221229.625,8702049.375,1.3669645194851103,Ambos métodos,Valor extremo severo; validar con la fuente original.
8523,CLI-108523,ingreso_mensual,8828227,True,False,2.6922710485316976,-5221229.625,8702049.375,1.3669645194851103,Ambos métodos,Posible valor extremo; revisar con reglas de negocio.
8557,CLI-108557,ingreso_mensual,9916419,True,True,3.143427047059667,-5221229.625,8702049.375,1.3669645194851103,Ambos métodos,Valor extremo severo; validar con la fuente original.
8559,CLI-108559,ingreso_mensual,9460308,True,False,2.954326949241827,-5221229.625,8702049.375,1.3669645194851103,Ambos métodos,Posible valor extremo; revisar con reglas de negocio.
8645,CLI-108645,ingreso_mensual,9687687,True,True,3.048596526475708,-5221229.625,8702049.375,1.3669645194851103,Ambos métodos,Valor extremo severo; validar con la fuente original.
8647,CLI-108647,ingreso_mensual,10057254,True,True,3.201816150317811,-5221229.625,8702049.375,1.3669645194851103,Ambos métodos,Valor extremo severo; validar con la fuente original.
8677,CLI-108677,ingreso_mensual,8845812,True,False,2.6995616537136087,-5221229.625,8702049.375,1.3669645194851103,Ambos métodos,Posible valor extremo; revisar con reglas de negocio.
8719,CLI-108719,ingreso_mensual,13924015,True,True,4.804945395914184,-5221229.625,8702049.375,1.3669645194851103,Ambos métodos,Valor extremo severo; validar con la fuente original.
8746,CLI-108746,ingreso_mensual,12276744,True,True,4.1219995620437215,-5221229.625,8702049.375,1.3669645194851103,Ambos métodos,Valor extremo severo; validar con la fuente original.
8766,CLI-108766,ingreso_mensual,10825991,True,True,3.5205285731626725,-5221229.625,8702049.375,1.3669645194851103,Ambos métodos,Valor extremo severo; validar con la fuente original.
8772,CLI-108772,ingreso_mensual,10318001,True,True,3.3099198426332963,-5221229.625,8702049.375,1.3669645194851103,Ambos métodos,Valor extremo severo; validar con la fuente original.
8831,CLI-108831,ingreso_mensual,10501576,True,True,3.386028619788221,-5221229.625,8702049.375,1.3669645194851103,Ambos métodos,Valor extremo severo; validar con la fuente original.
8877,CLI-108877,ingreso_mensual,10757070,True,True,3.4919544588753535,-5221229.625,8702049.375,1.3669645194851103,Ambos métodos,Valor extremo severo; validar con la fuente original.
8907,CLI-108907,ingreso_mensual,9585185,True,True,3.006099988951894,-5221229.625,8702049.375,1.3669645194851103,Ambos métodos,Valor extremo severo; validar con la fuente original.
8967,CLI-108967,ingreso_mensual,10557479,True,True,3.4092055718203156,-5221229.625,8702049.375,1.3669645194851103,Ambos métodos,Valor extremo severo; validar con la fuente original.
9053,CLI-109053,ingreso_mensual,11907201,True,True,3.968789888416254,-5221229.625,8702049.375,1.3669645194851103,Ambos métodos,Valor extremo severo; validar con la fuente original.
9083,CLI-109083,ingreso_mensual,9838643,True,True,3.111181718164112,-5221229.625,8702049.375,1.3669645194851103,Ambos métodos,Valor extremo severo; validar con la fuente original.
9105,CLI-109105,ingreso_mensual,8775567,True,False,2.6704386192522294,-5221229.625,8702049.375,1.3669645194851103,Ambos métodos,Posible valor extremo; revisar con reglas de negocio.
9217,CLI-109217,ingreso_mensual,9623943,True,True,3.0221687564037287,-5221229.625,8702049.375,1.3669645194851103,Ambos métodos,Valor extremo severo; validar con la fuente original.
9248,CLI-109248,ingreso_mensual,9768716,True,True,3.082190524046654,-5221229.625,8702049.375,1.3669645194851103,Ambos métodos,Valor extremo severo; validar con la fuente original.
9252,CLI-109252,ingreso_mensual,9620902,True,True,3.0209079812909514,-5221229.625,8702049.375,1.3669645194851103,Ambos métodos,Valor extremo severo; validar con la fuente original.
9299,CLI-109299,ingreso_mensual,12530909,True,True,4.227374407995412,-5221229.625,8702049.375,1.3669645194851103,Ambos métodos,Valor extremo severo; validar con la fuente original.
9304,CLI-109304,ingreso_mensual,10140974,True,True,3.2365258157047663,-5221229.625,8702049.375,1.3669645194851103,Ambos métodos,Valor extremo severo; validar con la fuente original.
9357,CLI-109357,ingreso_mensual,10356652,True,True,3.3259442487115476,-5221229.625,8702049.375,1.3669645194851103,Ambos métodos,Valor extremo severo; validar con la fuente original.
9428,CLI-109428,ingreso_mensual,8976754,True,False,2.7538491955805307,-5221229.625,8702049.375,1.3669645194851103,Ambos métodos,Posible valor extremo; revisar con reglas de negocio.
9486,CLI-109486,ingreso_mensual,9175614,True,False,2.8362950156814613,-5221229.625,8702049.375,1.3669645194851103,Ambos métodos,Posible valor extremo; revisar con reglas de negocio.
9566,CLI-109566,ingreso_mensual,14897338,True,True,5.208477594235105,-5221229.625,8702049.375,1.3669645194851103,Ambos métodos,Valor extremo severo; validar con la fuente original.
9759,CLI-109759,ingreso_mensual,11391660,True,True,3.755050571607173,-5221229.625,8702049.375,1.3669645194851103,Ambos métodos,Valor extremo severo; validar con la fuente original.
9778,CLI-109778,ingreso_mensual,12987413,True,True,4.416637440577908,-5221229.625,8702049.375,1.3669645194851103,Ambos métodos,Valor extremo severo; validar con la fuente original.
9869,CLI-109869,ingreso_mensual,8994437,True,False,2.761180430805537,-5221229.625,8702049.375,1.3669645194851103,Ambos métodos,Posible valor extremo; revisar con reglas de negocio.
9883,CLI-109883,ingreso_mensual,12441768,True,True,4.190417237877655,-5221229.625,8702049.375,1.3669645194851103,Ambos métodos,Valor extremo severo; validar con la fuente original.
9895,CLI-109895,ingreso_mensual,13083256,True,True,4.4563732081326375,-5221229.625,8702049.375,1.3669645194851103,Ambos métodos,Valor extremo severo; validar con la fuente original.
9903,CLI-109903,ingreso_mensual,9646022,True,True,3.031322539276144,-5221229.625,8702049.375,1.3669645194851103,Ambos métodos,Valor extremo severo; validar con la fuente original.
9910,CLI-109910,ingreso_mensual,10474675,True,True,3.3748756729586167,-5221229.625,8702049.375,1.3669645194851103,Ambos métodos,Valor extremo severo; validar con la fuente original.
9911,CLI-109911,ingreso_mensual,10523468,True,True,3.395104873904934,-5221229.625,8702049.375,1.3669645194851103,Ambos métodos,Valor extremo severo; validar con la fuente original.
9919,CLI-109919,ingreso_mensual,10587177,True,True,3.421518133247236,-5221229.625,8702049.375,1.3669645194851103,Ambos métodos,Valor extremo severo; validar con la fuente original.
9931,CLI-109931,ingreso_mensual,9125731,True,False,2.8156139091537797,-5221229.625,8702049.375,1.3669645194851103,Ambos métodos,Posible valor extremo; revisar con reglas de negocio.
9933,CLI-109933,ingreso_mensual,8734941,True,False,2.653595393427929,-5221229.625,8702049.375,1.3669645194851103,Ambos métodos,Posible valor extremo; revisar con reglas de negocio.
9943,CLI-109943,ingreso_mensual,9219943,True,False,2.8546734767055693,-5221229.625,8702049.375,1.3669645194851103,Ambos métodos,Posible valor extremo; revisar con reglas de negocio.
9991,CLI-109991,ingreso_mensual,9606868,True,True,3.0150895932828226,-5221229.625,8702049.375,1.3669645194851103,Ambos métodos,Valor extremo severo; validar con la fuente original.
10022,CLI-110022,ingreso_mensual,12597829,True,True,4.255118923137493,-5221229.625,8702049.375,1.3669645194851103,Ambos métodos,Valor extremo severo; validar con la fuente original.
10040,CLI-110040,ingreso_mensual,8704922,True,False,2.641149747880258,-5221229.625,8702049.375,1.3669645194851103,Ambos métodos,Posible valor extremo; revisar con reglas de negocio.
10083,CLI-110083,ingreso_mensual,10743634,True,True,3.48638399704856,-5221229.625,8702049.375,1.3669645194851103,Ambos métodos,Valor extremo severo; validar con la fuente original.
10130,CLI-110130,ingreso_mensual,10843520,True,True,3.527795961177101,-5221229.625,8702049.375,1.3669645194851103,Ambos métodos,Valor extremo severo; validar con la fuente original.
10140,CLI-110140,ingreso_mensual,9087673,True,False,2.7998353562954814,-5221229.625,8702049.375,1.3669645194851103,Ambos métodos,Posible valor extremo; revisar con reglas de negocio.
10158,CLI-110158,ingreso_mensual,11519983,True,True,3.8082522963019922,-5221229.625,8702049.375,1.3669645194851103,Ambos métodos,Valor extremo severo; validar con la fuente original.
10196,CLI-110196,ingreso_mensual,9283804,True,False,2.8811497540738964,-5221229.625,8702049.375,1.3669645194851103,Ambos métodos,Posible valor extremo; revisar con reglas de negocio.
10339,CLI-110339,ingreso_mensual,8877331,True,False,2.7126291876760007,-5221229.625,8702049.375,1.3669645194851103,Ambos métodos,Posible valor extremo; revisar con reglas de negocio.
10354,CLI-110354,ingreso_mensual,11943330,True,True,3.9837686927732214,-5221229.625,8702049.375,1.3669645194851103,Ambos métodos,Valor extremo severo; validar con la fuente original.
10398,CLI-110398,ingreso_mensual,12028345,True,True,4.0190152551582194,-5221229.625,8702049.375,1.3669645194851103,Ambos métodos,Valor extremo severo; validar con la fuente original.
10438,CLI-110438,ingreso_mensual,8944445,True,False,2.740454133719719,-5221229.625,8702049.375,1.3669645194851103,Ambos métodos,Posible valor extremo; revisar con reglas de negocio.
10441,CLI-110441,ingreso_mensual,12244334,True,True,4.1085626263629855,-5221229.625,8702049.375,1.3669645194851103,Ambos métodos,Valor extremo severo; validar con la fuente original.
10449,CLI-110449,ingreso_mensual,9419637,True,False,2.937465066765085,-5221229.625,8702049.375,1.3669645194851103,Ambos métodos,Posible valor extremo; revisar con reglas de negocio.
10478,CLI-110478,ingreso_mensual,10737430,True,True,3.483811866565275,-5221229.625,8702049.375,1.3669645194851103,Ambos métodos,Valor extremo severo; validar con la fuente original.
10580,CLI-110580,ingreso_mensual,9320647,True,False,2.896424577316271,-5221229.625,8702049.375,1.3669645194851103,Ambos métodos,Posible valor extremo; revisar con reglas de negocio.
10662,CLI-110662,ingreso_mensual,13782076,True,True,4.746098582782806,-5221229.625,8702049.375,1.3669645194851103,Ambos métodos,Valor extremo severo; validar con la fuente original.
10689,CLI-110689,ingreso_mensual,10310439,True,True,3.30678469583855,-5221229.625,8702049.375,1.3669645194851103,Ambos métodos,Valor extremo severo; validar con la fuente original.
10711,CLI-110711,ingreso_mensual,10554462,True,True,3.4079547469221736,-5221229.625,8702049.375,1.3669645194851103,Ambos métodos,Valor extremo severo; validar con la fuente original.
10737,CLI-110737,ingreso_mensual,10388097,True,True,3.3389811028454797,-5221229.625,8702049.375,1.3669645194851103,Ambos métodos,Valor extremo severo; validar con la fuente original.
10739,CLI-110739,ingreso_mensual,8986745,True,False,2.7579913870148483,-5221229.625,8702049.375,1.3669645194851103,Ambos métodos,Posible valor extremo; revisar con reglas de negocio.
10760,CLI-110760,ingreso_mensual,9308514,True,False,2.891394329225732,-5221229.625,8702049.375,1.3669645194851103,Ambos métodos,Posible valor extremo; revisar con reglas de negocio.
10781,CLI-110781,ingreso_mensual,9792405,True,True,3.0920118004842023,-5221229.625,8702049.375,1.3669645194851103,Ambos métodos,Valor extremo severo; validar con la fuente original.
10820,CLI-110820,ingreso_mensual,10339033,True,True,3.318639547392236,-5221229.625,8702049.375,1.3669645194851103,Ambos métodos,Valor extremo severo; validar con la fuente original.
10832,CLI-110832,ingreso_mensual,11176590,True,True,3.6658842107044918,-5221229.625,8702049.375,1.3669645194851103,Ambos métodos,Valor extremo severo; validar con la fuente original.
10897,CLI-110897,ingreso_mensual,8949694,True,False,2.7426303285789655,-5221229.625,8702049.375,1.3669645194851103,Ambos métodos,Posible valor extremo; revisar con reglas de negocio.
10928,CLI-110928,ingreso_mensual,10333959,True,True,3.3165359061813735,-5221229.625,8702049.375,1.3669645194851103,Ambos métodos,Valor extremo severo; validar con la fuente original.
10966,CLI-110966,ingreso_mensual,11447433,True,True,3.778173626643325,-5221229.625,8702049.375,1.3669645194851103,Ambos métodos,Valor extremo severo; validar con la fuente original.
10985,CLI-110985,ingreso_mensual,11740372,True,True,3.8996238735232733,-5221229.625,8702049.375,1.3669645194851103,Ambos métodos,Valor extremo severo; validar con la fuente original.
11068,CLI-111068,ingreso_mensual,10004618,True,True,3.1799936712529786,-5221229.625,8702049.375,1.3669645194851103,Ambos métodos,Valor extremo severo; validar con la fuente original.
11112,CLI-111112,ingreso_mensual,9225706,True,False,2.857062771994927,-5221229.625,8702049.375,1.3669645194851103,Ambos métodos,Posible valor extremo; revisar con reglas de negocio.
11168,CLI-111168,ingreso_mensual,16495395,True,True,5.871019683810851,-5221229.625,8702049.375,1.3669645194851103,Ambos métodos,Valor extremo severo; validar con la fuente original.
11196,CLI-111196,ingreso_mensual,9278782,True,False,2.879067671661411,-5221229.625,8702049.375,1.3669645194851103,Ambos métodos,Posible valor extremo; revisar con reglas de negocio.
11203,CLI-111203,ingreso_mensual,9941634,True,True,3.1538809913111248,-5221229.625,8702049.375,1.3669645194851103,Ambos métodos,Valor extremo severo; validar con la fuente original.
11208,CLI-111208,ingreso_mensual,9224494,True,False,2.8565602861558324,-5221229.625,8702049.375,1.3669645194851103,Ambos métodos,Posible valor extremo; revisar con reglas de negocio.
11277,CLI-111277,ingreso_mensual,9523520,True,False,2.9805341562227183,-5221229.625,8702049.375,1.3669645194851103,Ambos métodos,Posible valor extremo; revisar con reglas de negocio.
11328,CLI-111328,ingreso_mensual,10758456,True,True,3.4925290837705556,-5221229.625,8702049.375,1.3669645194851103,Ambos métodos,Valor extremo severo; validar con la fuente original.
11331,CLI-111331,ingreso_mensual,8875004,True,False,2.71166443144863,-5221229.625,8702049.375,1.3669645194851103,Ambos métodos,Posible valor extremo; revisar con reglas de negocio.
11373,CLI-111373,ingreso_mensual,9507997,True,False,2.97409844031491,-5221229.625,8702049.375,1.3669645194851103,Ambos métodos,Posible valor extremo; revisar con reglas de negocio.
11469,CLI-111469,ingreso_mensual,10203731,True,True,3.2625443831998586,-5221229.625,8702049.375,1.3669645194851103,Ambos métodos,Valor extremo severo; validar con la fuente original.
11487,CLI-111487,ingreso_mensual,9516821,True,False,2.977756802562575,-5221229.625,8702049.375,1.3669645194851103,Ambos métodos,Posible valor extremo; revisar con reglas de negocio.
11520,CLI-111520,ingreso_mensual,9905876,True,True,3.139056000688732,-5221229.625,8702049.375,1.3669645194851103,Ambos métodos,Valor extremo severo; validar con la fuente original.
11530,CLI-111530,ingreso_mensual,11769677,True,True,3.911773500185537,-5221229.625,8702049.375,1.3669645194851103,Ambos métodos,Valor extremo severo; validar con la fuente original.
11546,CLI-111546,ingreso_mensual,12907571,True,True,4.3835355640391445,-5221229.625,8702049.375,1.3669645194851103,Ambos métodos,Valor extremo severo; validar con la fuente original.
11587,CLI-111587,ingreso_mensual,8759508,True,False,2.663780681884228,-5221229.625,8702049.375,1.3669645194851103,Ambos métodos,Posible valor extremo; revisar con reglas de negocio.
11603,CLI-111603,ingreso_mensual,12210508,True,True,4.0945386280187535,-5221229.625,8702049.375,1.3669645194851103,Ambos métodos,Valor extremo severo; validar con la fuente original.
11621,CLI-111621,ingreso_mensual,12223563,True,True,4.099951130188208,-5221229.625,8702049.375,1.3669645194851103,Ambos métodos,Valor extremo severo; validar con la fuente original.
11643,CLI-111643,ingreso_mensual,9892856,True,True,3.1336580092489545,-5221229.625,8702049.375,1.3669645194851103,Ambos métodos,Valor extremo severo; validar con la fuente original.
11656,CLI-111656,ingreso_mensual,10791020,True,True,3.5060298666618697,-5221229.625,8702049.375,1.3669645194851103,Ambos métodos,Valor extremo severo; validar con la fuente original.
11690,CLI-111690,ingreso_mensual,8748322,True,False,2.6591430526795157,-5221229.625,8702049.375,1.3669645194851103,Ambos métodos,Posible valor extremo; revisar con reglas de negocio.
11701,CLI-111701,ingreso_mensual,11537305,True,True,3.815433863715189,-5221229.625,8702049.375,1.3669645194851103,Ambos métodos,Valor extremo severo; validar con la fuente original.
11713,CLI-111713,ingreso_mensual,10608159,True,True,3.430217108392352,-5221229.625,8702049.375,1.3669645194851103,Ambos métodos,Valor extremo severo; validar con la fuente original.
11736,CLI-111736,ingreso_mensual,11990547,True,True,4.003344496291806,-5221229.625,8702049.375,1.3669645194851103,Ambos métodos,Valor extremo severo; validar con la fuente original.
11767,CLI-111767,ingreso_mensual,8725029,True,False,2.6494859547834535,-5221229.625,8702049.375,1.3669645194851103,Ambos métodos,Posible valor extremo; revisar con reglas de negocio.
11815,CLI-111815,ingreso_mensual,8930883,True,False,2.734831433266089,-5221229.625,8702049.375,1.3669645194851103,Ambos métodos,Posible valor extremo; revisar con reglas de negocio.
11877,CLI-111877,ingreso_mensual,10039109,True,True,3.1942933734610706,-5221229.625,8702049.375,1.3669645194851103,Ambos métodos,Valor extremo severo; validar con la fuente original.
11960,CLI-111960,ingreso_mensual,12564694,True,True,4.241381408056308,-5221229.625,8702049.375,1.3669645194851103,Ambos métodos,Valor extremo severo; validar con la fuente original.
12069,CLI-112069,ingreso_mensual,12835031,True,True,4.353461040303243,-5221229.625,8702049.375,1.3669645194851103,Ambos métodos,Valor extremo severo; validar con la fuente original.
12104,CLI-112104,ingreso_mensual,9120887,True,False,2.8136056241665077,-5221229.625,8702049.375,1.3669645194851103,Ambos métodos,Posible valor extremo; revisar con reglas de negocio.
12162,CLI-112162,ingreso_mensual,9805077,True,True,3.0972655138117644,-5221229.625,8702049.375,1.3669645194851103,Ambos métodos,Valor extremo severo; validar con la fuente original.
12193,CLI-112193,ingreso_mensual,10731409,True,True,3.481315606468585,-5221229.625,8702049.375,1.3669645194851103,Ambos métodos,Valor extremo severo; validar con la fuente original.
12207,CLI-112207,ingreso_mensual,9979580,True,True,3.1696131098344575,-5221229.625,8702049.375,1.3669645194851103,Ambos métodos,Valor extremo severo; validar con la fuente original.
12244,CLI-112244,ingreso_mensual,10712879,True,True,3.4736332115854,-5221229.625,8702049.375,1.3669645194851103,Ambos métodos,Valor extremo severo; validar con la fuente original.
12257,CLI-112257,ingreso_mensual,9145589,True,False,2.8238468825801313,-5221229.625,8702049.375,1.3669645194851103,Ambos métodos,Posible valor extremo; revisar con reglas de negocio.
12325,CLI-112325,ingreso_mensual,9742347,True,True,3.071258140308137,-5221229.625,8702049.375,1.3669645194851103,Ambos métodos,Valor extremo severo; validar con la fuente original.
12349,CLI-112349,ingreso_mensual,10793380,True,True,3.507008304434364,-5221229.625,8702049.375,1.3669645194851103,Ambos métodos,Valor extremo severo; validar con la fuente original.
12413,CLI-112413,ingreso_mensual,9850009,True,True,3.1158939739785905,-5221229.625,8702049.375,1.3669645194851103,Ambos métodos,Valor extremo severo; validar con la fuente original.
12435,CLI-112435,ingreso_mensual,12215897,True,True,4.096772865796707,-5221229.625,8702049.375,1.3669645194851103,Ambos métodos,Valor extremo severo; validar con la fuente original.
12552,CLI-112552,ingreso_mensual,13416962,True,True,4.59472513834787,-5221229.625,8702049.375,1.3669645194851103,Ambos métodos,Valor extremo severo; validar con la fuente original.
12560,CLI-112560,ingreso_mensual,8902896,True,False,2.723228239224227,-5221229.625,8702049.375,1.3669645194851103,Ambos métodos,Posible valor extremo; revisar con reglas de negocio.
12562,CLI-112562,ingreso_mensual,12514731,True,True,4.220667134146509,-5221229.625,8702049.375,1.3669645194851103,Ambos métodos,Valor extremo severo; validar con la fuente original.
12577,CLI-112577,ingreso_mensual,10338723,True,True,3.318511023786527,-5221229.625,8702049.375,1.3669645194851103,Ambos métodos,Valor extremo severo; validar con la fuente original.
12579,CLI-112579,ingreso_mensual,8988267,True,False,2.7586223964596517,-5221229.625,8702049.375,1.3669645194851103,Ambos métodos,Posible valor extremo; revisar con reglas de negocio.
12592,CLI-112592,ingreso_mensual,12445004,True,True,4.191758858484347,-5221229.625,8702049.375,1.3669645194851103,Ambos métodos,Valor extremo severo; validar con la fuente original.
12661,CLI-112661,ingreso_mensual,8786864,True,False,2.675122268199631,-5221229.625,8702049.375,1.3669645194851103,Ambos métodos,Posible valor extremo; revisar con reglas de negocio.
12681,CLI-112681,ingreso_mensual,10416763,True,True,3.3508658050430724,-5221229.625,8702049.375,1.3669645194851103,Ambos métodos,Valor extremo severo; validar con la fuente original.
12682,CLI-112682,ingreso_mensual,13359058,True,True,4.570718587170538,-5221229.625,8702049.375,1.3669645194851103,Ambos métodos,Valor extremo severo; validar con la fuente original.
12765,CLI-112765,ingreso_mensual,10778579,True,True,3.5008719241501747,-5221229.625,8702049.375,1.3669645194851103,Ambos métodos,Valor extremo severo; validar con la fuente original.
12812,CLI-112812,ingreso_mensual,8948694,True,False,2.742215736302485,-5221229.625,8702049.375,1.3669645194851103,Ambos métodos,Posible valor extremo; revisar con reglas de negocio.
12971,CLI-112971,ingreso_mensual,14488056,True,True,5.038792438132575,-5221229.625,8702049.375,1.3669645194851103,Ambos métodos,Valor extremo severo; validar con la fuente original.
12979,CLI-112979,ingreso_mensual,10037814,True,True,3.193756476463028,-5221229.625,8702049.375,1.3669645194851103,Ambos métodos,Valor extremo severo; validar con la fuente original.
13067,CLI-113067,ingreso_mensual,9802782,True,True,3.0963140245372416,-5221229.625,8702049.375,1.3669645194851103,Ambos métodos,Valor extremo severo; validar con la fuente original.
13197,CLI-113197,ingreso_mensual,8908479,True,False,2.725542907903818,-5221229.625,8702049.375,1.3669645194851103,Ambos métodos,Posible valor extremo; revisar con reglas de negocio.
13284,CLI-113284,ingreso_mensual,9553322,True,False,2.992889835246393,-5221229.625,8702049.375,1.3669645194851103,Ambos métodos,Posible valor extremo; revisar con reglas de negocio.
13344,CLI-113344,ingreso_mensual,10386187,True,True,3.338189231597402,-5221229.625,8702049.375,1.3669645194851103,Ambos métodos,Valor extremo severo; validar con la fuente original.
13379,CLI-113379,ingreso_mensual,8947126,True,False,2.7415656556129635,-5221229.625,8702049.375,1.3669645194851103,Ambos métodos,Posible valor extremo; revisar con reglas de negocio.
13412,CLI-113412,ingreso_mensual,11466675,True,True,3.7861512112273648,-5221229.625,8702049.375,1.3669645194851103,Ambos métodos,Valor extremo severo; validar con la fuente original.
13454,CLI-113454,ingreso_mensual,8813061,True,False,2.6859833420665926,-5221229.625,8702049.375,1.3669645194851103,Ambos métodos,Posible valor extremo; revisar con reglas de negocio.
13651,CLI-113651,ingreso_mensual,9193533,True,False,2.843724094683717,-5221229.625,8702049.375,1.3669645194851103,Ambos métodos,Posible valor extremo; revisar con reglas de negocio.
13665,CLI-113665,ingreso_mensual,10008975,True,True,3.1818000498016046,-5221229.625,8702049.375,1.3669645194851103,Ambos métodos,Valor extremo severo; validar con la fuente original.
13732,CLI-113732,ingreso_mensual,14103535,True,True,4.879373001387981,-5221229.625,8702049.375,1.3669645194851103,Ambos métodos,Valor extremo severo; validar con la fuente original.
13753,CLI-113753,ingreso_mensual,10293089,True,True,3.2995915198416115,-5221229.625,8702049.375,1.3669645194851103,Ambos métodos,Valor extremo severo; validar con la fuente original.
13777,CLI-113777,ingreso_mensual,9169848,True,False,2.833904476615274,-5221229.625,8702049.375,1.3669645194851103,Ambos métodos,Posible valor extremo; revisar con reglas de negocio.
13868,CLI-113868,ingreso_mensual,11282006,True,True,3.70958887012197,-5221229.625,8702049.375,1.3669645194851103,Ambos métodos,Valor extremo severo; validar con la fuente original.
13872,CLI-113872,ingreso_mensual,16925327,True,True,6.0492661704227055,-5221229.625,8702049.375,1.3669645194851103,Ambos métodos,Valor extremo severo; validar con la fuente original.
13890,CLI-113890,ingreso_mensual,10464727,True,True,3.3707513089921877,-5221229.625,8702049.375,1.3669645194851103,Ambos métodos,Valor extremo severo; validar con la fuente original.
13929,CLI-113929,ingreso_mensual,9631279,True,True,3.0252102053439907,-5221229.625,8702049.375,1.3669645194851103,Ambos métodos,Valor extremo severo; validar con la fuente original.
13941,CLI-113941,ingreso_mensual,9734254,True,True,3.0679028450145793,-5221229.625,8702049.375,1.3669645194851103,Ambos métodos,Valor extremo severo; validar con la fuente original.
13958,CLI-113958,ingreso_mensual,9291540,True,False,2.8843570399247502,-5221229.625,8702049.375,1.3669645194851103,Ambos métodos,Posible valor extremo; revisar con reglas de negocio.
13982,CLI-113982,ingreso_mensual,13020129,True,True,4.430201241495247,-5221229.625,8702049.375,1.3669645194851103,Ambos métodos,Valor extremo severo; validar con la fuente original.
14045,CLI-114045,ingreso_mensual,8771173,True,False,2.668616900789374,-5221229.625,8702049.375,1.3669645194851103,Ambos métodos,Posible valor extremo; revisar con reglas de negocio.
14113,CLI-114113,ingreso_mensual,10227113,True,True,3.272238379808528,-5221229.625,8702049.375,1.3669645194851103,Ambos métodos,Valor extremo severo; validar con la fuente original.
14124,CLI-114124,ingreso_mensual,12555477,True,True,4.237560111043987,-5221229.625,8702049.375,1.3669645194851103,Ambos métodos,Valor extremo severo; validar con la fuente original.
14160,CLI-114160,ingreso_mensual,10040134,True,True,3.1947183305444633,-5221229.625,8702049.375,1.3669645194851103,Ambos métodos,Valor extremo severo; validar con la fuente original.
14182,CLI-114182,ingreso_mensual,9508590,True,False,2.974344293534863,-5221229.625,8702049.375,1.3669645194851103,Ambos métodos,Posible valor extremo; revisar con reglas de negocio.
14187,CLI-114187,ingreso_mensual,8712005,True,False,2.64408630497457,-5221229.625,8702049.375,1.3669645194851103,Ambos métodos,Posible valor extremo; revisar con reglas de negocio.
14206,CLI-114206,ingreso_mensual,9545469,True,False,2.989634042099191,-5221229.625,8702049.375,1.3669645194851103,Ambos métodos,Posible valor extremo; revisar con reglas de negocio.
14235,CLI-114235,ingreso_mensual,11658028,True,True,3.8654846871087556,-5221229.625,8702049.375,1.3669645194851103,Ambos métodos,Valor extremo severo; validar con la fuente original.
14250,CLI-114250,ingreso_mensual,12571902,True,True,4.244369789185181,-5221229.625,8702049.375,1.3669645194851103,Ambos métodos,Valor extremo severo; validar con la fuente original.
14281,CLI-114281,ingreso_mensual,8798382,True,False,2.679897542040134,-5221229.625,8702049.375,1.3669645194851103,Ambos métodos,Posible valor extremo; revisar con reglas de negocio.
14296,CLI-114296,ingreso_mensual,9718280,True,True,3.0612801479900784,-5221229.625,8702049.375,1.3669645194851103,Ambos métodos,Valor extremo severo; validar con la fuente original.
14320,CLI-114320,ingreso_mensual,10789699,True,True,3.505482190264639,-5221229.625,8702049.375,1.3669645194851103,Ambos métodos,Valor extremo severo; validar con la fuente original.
14342,CLI-114342,ingreso_mensual,12058222,True,True,4.0314020286026295,-5221229.625,8702049.375,1.3669645194851103,Ambos métodos,Valor extremo severo; validar con la fuente original.
14353,CLI-114353,ingreso_mensual,8951695,True,False,2.7434599277242033,-5221229.625,8702049.375,1.3669645194851103,Ambos métodos,Posible valor extremo; revisar con reglas de negocio.
14568,CLI-114568,ingreso_mensual,8938383,True,False,2.7379408753396937,-5221229.625,8702049.375,1.3669645194851103,Ambos métodos,Posible valor extremo; revisar con reglas de negocio.
14576,CLI-114576,ingreso_mensual,12625374,True,True,4.266538867393151,-5221229.625,8702049.375,1.3669645194851103,Ambos métodos,Valor extremo severo; validar con la fuente original.
14579,CLI-114579,ingreso_mensual,10151904,True,True,3.241057309286699,-5221229.625,8702049.375,1.3669645194851103,Ambos métodos,Valor extremo severo; validar con la fuente original.
14588,CLI-114588,ingreso_mensual,9630311,True,True,3.024808880020357,-5221229.625,8702049.375,1.3669645194851103,Ambos métodos,Valor extremo severo; validar con la fuente original.
14639,CLI-114639,ingreso_mensual,9205359,True,False,2.8486270629453765,-5221229.625,8702049.375,1.3669645194851103,Ambos métodos,Posible valor extremo; revisar con reglas de negocio.
14697,CLI-114697,ingreso_mensual,9856585,True,True,3.1186203327887267,-5221229.625,8702049.375,1.3669645194851103,Ambos métodos,Valor extremo severo; validar con la fuente original.
14706,CLI-114706,ingreso_mensual,9453377,True,False,2.95145341017354,-5221229.625,8702049.375,1.3669645194851103,Ambos métodos,Posible valor extremo; revisar con reglas de negocio.
14742,CLI-114742,ingreso_mensual,12090190,True,True,4.0446557144971615,-5221229.625,8702049.375,1.3669645194851103,Ambos métodos,Valor extremo severo; validar con la fuente original.
14777,CLI-114777,ingreso_mensual,12028285,True,True,4.018990379621631,-5221229.625,8702049.375,1.3669645194851103,Ambos métodos,Valor extremo severo; validar con la fuente original.
14829,CLI-114829,ingreso_mensual,9799315,True,True,3.0948766331146835,-5221229.625,8702049.375,1.3669645194851103,Ambos métodos,Valor extremo severo; validar con la fuente original.
6,CLI-100006,saldo_actual,12788353,True,False,2.4141599881428406,-5063882.375,10040956.625,2.323554602731708,IQR,Posible valor extremo real debido a la distribución asimétrica; validar antes de eliminar.
42,CLI-100042,saldo_actual,11906860,True,False,2.1917275559614167,-5063882.375,10040956.625,2.323554602731708,IQR,Posible valor extremo real debido a la distribución asimétrica; validar antes de eliminar.
54,CLI-100054,saldo_actual,12054575,True,False,2.2290013706368357,-5063882.375,10040956.625,2.323554602731708,IQR,Posible valor extremo real debido a la distribución asimétrica; validar antes de eliminar.
64,CLI-100064,saldo_actual,12373696,True,False,2.3095270925542737,-5063882.375,10040956.625,2.323554602731708,IQR,Posible valor extremo real debido a la distribución asimétrica; validar antes de eliminar.
72,CLI-100072,saldo_actual,14628939,True,False,2.8786061273851007,-5063882.375,10040956.625,2.323554602731708,IQR,Posible valor extremo real debido a la distribución asimétrica; validar antes de eliminar.
96,CLI-100096,saldo_actual,26840511,True,True,5.96002556091273,-5063882.375,10040956.625,2.323554602731708,IQR,Valor extremo severo; validar con la fuente original.
105,CLI-100105,saldo_actual,10474723,True,False,1.8303478103173705,-5063882.375,10040956.625,2.323554602731708,IQR,Posible valor extremo real debido a la distribución asimétrica; validar antes de eliminar.
107,CLI-100107,saldo_actual,11235865,True,False,2.0224113505785333,-5063882.375,10040956.625,2.323554602731708,IQR,Posible valor extremo real debido a la distribución asimétrica; validar antes de eliminar.
129,CLI-100129,saldo_actual,19161657,True,True,4.0223741313653,-5063882.375,10040956.625,2.323554602731708,IQR,Valor extremo severo; validar con la fuente original.
140,CLI-100140,saldo_actual,13252017,True,False,2.5311591148913997,-5063882.375,10040956.625,2.323554602731708,IQR,Posible valor extremo real debido a la distribución asimétrica; validar antes de eliminar.
183,CLI-100183,saldo_actual,12312143,True,False,2.293995053731432,-5063882.375,10040956.625,2.323554602731708,IQR,Posible valor extremo real debido a la distribución asimétrica; validar antes de eliminar.
192,CLI-100192,saldo_actual,12068864,True,False,2.2326069999764226,-5063882.375,10040956.625,2.323554602731708,IQR,Posible valor extremo real debido a la distribución asimétrica; validar antes de eliminar.
224,CLI-100224,saldo_actual,17273666,True,True,3.5459660032614604,-5063882.375,10040956.625,2.323554602731708,IQR,Valor extremo severo; validar con la fuente original.
228,CLI-100228,saldo_actual,17671685,True,True,3.6464005322077115,-5063882.375,10040956.625,2.323554602731708,IQR,Valor extremo severo; validar con la fuente original.
247,CLI-100247,saldo_actual,10643420,True,False,1.8729161392907254,-5063882.375,10040956.625,2.323554602731708,IQR,Posible valor extremo real debido a la distribución asimétrica; validar antes de eliminar.
248,CLI-100248,saldo_actual,11058229,True,False,1.9775873899537983,-5063882.375,10040956.625,2.323554602731708,IQR,Posible valor extremo real debido a la distribución asimétrica; validar antes de eliminar.
266,CLI-100266,saldo_actual,10428085,True,False,1.8185793631804366,-5063882.375,10040956.625,2.323554602731708,IQR,Posible valor extremo real debido a la distribución asimétrica; validar antes de eliminar.
268,CLI-100268,saldo_actual,10072375,True,False,1.7288209187557455,-5063882.375,10040956.625,2.323554602731708,IQR,Posible valor extremo real debido a la distribución asimétrica; validar antes de eliminar.
302,CLI-100302,saldo_actual,16056792,True,True,3.2389048655345154,-5063882.375,10040956.625,2.323554602731708,IQR,Valor extremo severo; validar con la fuente original.
314,CLI-100314,saldo_actual,28219212,True,True,6.307921479179762,-5063882.375,10040956.625,2.323554602731708,IQR,Valor extremo severo; validar con la fuente original.
330,CLI-100330,saldo_actual,25358949,True,True,5.586174107653799,-5063882.375,10040956.625,2.323554602731708,IQR,Valor extremo severo; validar con la fuente original.
344,CLI-100344,saldo_actual,11676568,True,False,2.1336165900525277,-5063882.375,10040956.625,2.323554602731708,IQR,Posible valor extremo real debido a la distribución asimétrica; validar antes de eliminar.
345,CLI-100345,saldo_actual,19945920,True,True,4.220271932663665,-5063882.375,10040956.625,2.323554602731708,IQR,Valor extremo severo; validar con la fuente original.
363,CLI-100363,saldo_actual,13852944,True,False,2.6827946402710525,-5063882.375,10040956.625,2.323554602731708,IQR,Posible valor extremo real debido a la distribución asimétrica; validar antes de eliminar.
373,CLI-100373,saldo_actual,12675720,True,False,2.3857386255978286,-5063882.375,10040956.625,2.323554602731708,IQR,Posible valor extremo real debido a la distribución asimétrica; validar antes de eliminar.
403,CLI-100403,saldo_actual,11747943,True,False,2.1516270732293075,-5063882.375,10040956.625,2.323554602731708,IQR,Posible valor extremo real debido a la distribución asimétrica; validar antes de eliminar.
407,CLI-100407,saldo_actual,15837375,True,True,3.183538053804926,-5063882.375,10040956.625,2.323554602731708,IQR,Valor extremo severo; validar con la fuente original.
415,CLI-100415,saldo_actual,10165026,True,False,1.7522001030193086,-5063882.375,10040956.625,2.323554602731708,IQR,Posible valor extremo real debido a la distribución asimétrica; validar antes de eliminar.
418,CLI-100418,saldo_actual,13228459,True,False,2.5252145830149924,-5063882.375,10040956.625,2.323554602731708,IQR,Posible valor extremo real debido a la distribución asimétrica; validar antes de eliminar.
419,CLI-100419,saldo_actual,11315682,True,False,2.0425520544064986,-5063882.375,10040956.625,2.323554602731708,IQR,Posible valor extremo real debido a la distribución asimétrica; validar antes de eliminar.
424,CLI-100424,saldo_actual,11851647,True,False,2.177795327483105,-5063882.375,10040956.625,2.323554602731708,IQR,Posible valor extremo real debido a la distribución asimétrica; validar antes de eliminar.
458,CLI-100458,saldo_actual,13761634,True,False,2.6597538386055986,-5063882.375,10040956.625,2.323554602731708,IQR,Posible valor extremo real debido a la distribución asimétrica; validar antes de eliminar.
475,CLI-100475,saldo_actual,10228643,True,False,1.7682529633801802,-5063882.375,10040956.625,2.323554602731708,IQR,Posible valor extremo real debido a la distribución asimétrica; validar antes de eliminar.
495,CLI-100495,saldo_actual,11049535,True,False,1.975393580626458,-5063882.375,10040956.625,2.323554602731708,IQR,Posible valor extremo real debido a la distribución asimétrica; validar antes de eliminar.
506,CLI-100506,saldo_actual,12499566,True,False,2.341288626949528,-5063882.375,10040956.625,2.323554602731708,IQR,Posible valor extremo real debido a la distribución asimétrica; validar antes de eliminar.
517,CLI-100517,saldo_actual,13412708,True,False,2.5717072417167572,-5063882.375,10040956.625,2.323554602731708,IQR,Posible valor extremo real debido a la distribución asimétrica; validar antes de eliminar.
531,CLI-100531,saldo_actual,15336563,True,True,3.057165148715897,-5063882.375,10040956.625,2.323554602731708,IQR,Valor extremo severo; validar con la fuente original.
556,CLI-100556,saldo_actual,10429769,True,False,1.8190042970322011,-5063882.375,10040956.625,2.323554602731708,IQR,Posible valor extremo real debido a la distribución asimétrica; validar antes de eliminar.
563,CLI-100563,saldo_actual,17547634,True,True,3.615097997026448,-5063882.375,10040956.625,2.323554602731708,IQR,Valor extremo severo; validar con la fuente original.
571,CLI-100571,saldo_actual,10846712,True,False,1.924214032754458,-5063882.375,10040956.625,2.323554602731708,IQR,Posible valor extremo real debido a la distribución asimétrica; validar antes de eliminar.
583,CLI-100583,saldo_actual,10563951,True,False,1.8528632483964977,-5063882.375,10040956.625,2.323554602731708,IQR,Posible valor extremo real debido a la distribución asimétrica; validar antes de eliminar.
609,CLI-100609,saldo_actual,14272159,True,False,2.7885776834227682,-5063882.375,10040956.625,2.323554602731708,IQR,Posible valor extremo real debido a la distribución asimétrica; validar antes de eliminar.
684,CLI-100684,saldo_actual,16697575,True,True,3.4005974951872857,-5063882.375,10040956.625,2.323554602731708,IQR,Valor extremo severo; validar con la fuente original.
689,CLI-100689,saldo_actual,13894035,True,False,2.693163379524531,-5063882.375,10040956.625,2.323554602731708,IQR,Posible valor extremo real debido a la distribución asimétrica; validar antes de eliminar.
748,CLI-100748,saldo_actual,10952432,True,False,1.9508909964174934,-5063882.375,10040956.625,2.323554602731708,IQR,Posible valor extremo real debido a la distribución asimétrica; validar antes de eliminar.
767,CLI-100767,saldo_actual,12270463,True,False,2.283477688564242,-5063882.375,10040956.625,2.323554602731708,IQR,Posible valor extremo real debido a la distribución asimétrica; validar antes de eliminar.
771,CLI-100771,saldo_actual,12092328,True,False,2.23852781226728,-5063882.375,10040956.625,2.323554602731708,IQR,Posible valor extremo real debido a la distribución asimétrica; validar antes de eliminar.
776,CLI-100776,saldo_actual,14397492,True,False,2.8202037133771687,-5063882.375,10040956.625,2.323554602731708,IQR,Posible valor extremo real debido a la distribución asimétrica; validar antes de eliminar.
781,CLI-100781,saldo_actual,11372951,True,False,2.0570030857347086,-5063882.375,10040956.625,2.323554602731708,IQR,Posible valor extremo real debido a la distribución asimétrica; validar antes de eliminar.
792,CLI-100792,saldo_actual,15198361,True,True,3.0222918065653217,-5063882.375,10040956.625,2.323554602731708,IQR,Valor extremo severo; validar con la fuente original.
793,CLI-100793,saldo_actual,21695036,True,True,4.661636896477833,-5063882.375,10040956.625,2.323554602731708,IQR,Valor extremo severo; validar con la fuente original.
810,CLI-100810,saldo_actual,12275383,True,False,2.2847191817653596,-5063882.375,10040956.625,2.323554602731708,IQR,Posible valor extremo real debido a la distribución asimétrica; validar antes de eliminar.
850,CLI-100850,saldo_actual,10329434,True,False,1.7936861628179497,-5063882.375,10040956.625,2.323554602731708,IQR,Posible valor extremo real debido a la distribución asimétrica; validar antes de eliminar.
869,CLI-100869,saldo_actual,17094749,True,True,3.5008188001996055,-5063882.375,10040956.625,2.323554602731708,IQR,Valor extremo severo; validar con la fuente original.
876,CLI-100876,saldo_actual,14358761,True,False,2.8104304871226,-5063882.375,10040956.625,2.323554602731708,IQR,Posible valor extremo real debido a la distribución asimétrica; validar antes de eliminar.
933,CLI-100933,saldo_actual,10495180,True,False,1.8355098482066508,-5063882.375,10040956.625,2.323554602731708,IQR,Posible valor extremo real debido a la distribución asimétrica; validar antes de eliminar.
940,CLI-100940,saldo_actual,11330321,True,False,2.046246001351856,-5063882.375,10040956.625,2.323554602731708,IQR,Posible valor extremo real debido a la distribución asimétrica; validar antes de eliminar.
955,CLI-100955,saldo_actual,17236522,True,True,3.5365932342650566,-5063882.375,10040956.625,2.323554602731708,IQR,Valor extremo severo; validar con la fuente original.
964,CLI-100964,saldo_actual,10273173,True,False,1.7794894861943589,-5063882.375,10040956.625,2.323554602731708,IQR,Posible valor extremo real debido a la distribución asimétrica; validar antes de eliminar.
967,CLI-100967,saldo_actual,11833401,True,False,2.173191204526278,-5063882.375,10040956.625,2.323554602731708,IQR,Posible valor extremo real debido a la distribución asimétrica; validar antes de eliminar.
970,CLI-100970,saldo_actual,21150354,True,True,4.524194010345508,-5063882.375,10040956.625,2.323554602731708,IQR,Valor extremo severo; validar con la fuente original.
975,CLI-100975,saldo_actual,13901901,True,False,2.69514825463022,-5063882.375,10040956.625,2.323554602731708,IQR,Posible valor extremo real debido a la distribución asimétrica; validar antes de eliminar.
987,CLI-100987,saldo_actual,12162404,True,False,2.256210510958643,-5063882.375,10040956.625,2.323554602731708,IQR,Posible valor extremo real debido a la distribución asimétrica; validar antes de eliminar.
993,CLI-100993,saldo_actual,12906832,True,False,2.444056507040237,-5063882.375,10040956.625,2.323554602731708,IQR,Posible valor extremo real debido a la distribución asimétrica; validar antes de eliminar.
1027,CLI-101027,saldo_actual,10769142,True,False,1.9046403279555395,-5063882.375,10040956.625,2.323554602731708,IQR,Posible valor extremo real debido a la distribución asimétrica; validar antes de eliminar.
1052,CLI-101052,saldo_actual,22591205,True,True,4.8877726120372245,-5063882.375,10040956.625,2.323554602731708,IQR,Valor extremo severo; validar con la fuente original.
1065,CLI-101065,saldo_actual,31391038,True,True,7.108287417010551,-5063882.375,10040956.625,2.323554602731708,IQR,Valor extremo severo; validar con la fuente original.
1068,CLI-101068,saldo_actual,19982845,True,True,4.229589440072458,-5063882.375,10040956.625,2.323554602731708,IQR,Valor extremo severo; validar con la fuente original.
1086,CLI-101086,saldo_actual,10335403,True,False,1.7951923565003622,-5063882.375,10040956.625,2.323554602731708,IQR,Posible valor extremo real debido a la distribución asimétrica; validar antes de eliminar.
1093,CLI-101093,saldo_actual,15242265,True,True,3.0333703670331795,-5063882.375,10040956.625,2.323554602731708,IQR,Valor extremo severo; validar con la fuente original.
1105,CLI-101105,saldo_actual,19659952,True,True,4.14811190670083,-5063882.375,10040956.625,2.323554602731708,IQR,Valor extremo severo; validar con la fuente original.
1111,CLI-101111,saldo_actual,11152964,True,False,2.0014924424757212,-5063882.375,10040956.625,2.323554602731708,IQR,Posible valor extremo real debido a la distribución asimétrica; validar antes de eliminar.
1133,CLI-101133,saldo_actual,11670513,True,False,2.132088695472697,-5063882.375,10040956.625,2.323554602731708,IQR,Posible valor extremo real debido a la distribución asimétrica; validar antes de eliminar.
1136,CLI-101136,saldo_actual,13184385,True,False,2.5140931254243317,-5063882.375,10040956.625,2.323554602731708,IQR,Posible valor extremo real debido a la distribución asimétrica; validar antes de eliminar.
1179,CLI-101179,saldo_actual,11980700,True,False,2.210360047418838,-5063882.375,10040956.625,2.323554602731708,IQR,Posible valor extremo real debido a la distribución asimétrica; validar antes de eliminar.
1190,CLI-101190,saldo_actual,10227982,True,False,1.768086169273282,-5063882.375,10040956.625,2.323554602731708,IQR,Posible valor extremo real debido a la distribución asimétrica; validar antes de eliminar.
1224,CLI-101224,saldo_actual,15972038,True,True,3.2175183787931525,-5063882.375,10040956.625,2.323554602731708,IQR,Valor extremo severo; validar con la fuente original.
1234,CLI-101234,saldo_actual,13024965,True,False,2.4738657176759293,-5063882.375,10040956.625,2.323554602731708,IQR,Posible valor extremo real debido a la distribución asimétrica; validar antes de eliminar.
1247,CLI-101247,saldo_actual,11442316,True,False,2.074506373518349,-5063882.375,10040956.625,2.323554602731708,IQR,Posible valor extremo real debido a la distribución asimétrica; validar antes de eliminar.
1258,CLI-101258,saldo_actual,12154997,True,False,2.2543414580845216,-5063882.375,10040956.625,2.323554602731708,IQR,Posible valor extremo real debido a la distribución asimétrica; validar antes de eliminar.
1267,CLI-101267,saldo_actual,10946764,True,False,1.9494607558760435,-5063882.375,10040956.625,2.323554602731708,IQR,Posible valor extremo real debido a la distribución asimétrica; validar antes de eliminar.
1277,CLI-101277,saldo_actual,14712756,True,False,2.8997561752790153,-5063882.375,10040956.625,2.323554602731708,IQR,Posible valor extremo real debido a la distribución asimétrica; validar antes de eliminar.
1298,CLI-101298,saldo_actual,17348247,True,True,3.5647854757070983,-5063882.375,10040956.625,2.323554602731708,IQR,Valor extremo severo; validar con la fuente original.
1326,CLI-101326,saldo_actual,26727465,True,True,5.931499983592909,-5063882.375,10040956.625,2.323554602731708,IQR,Valor extremo severo; validar con la fuente original.
1331,CLI-101331,saldo_actual,10576862,True,False,1.856121158705365,-5063882.375,10040956.625,2.323554602731708,IQR,Posible valor extremo real debido a la distribución asimétrica; validar antes de eliminar.
1335,CLI-101335,saldo_actual,13906529,True,False,2.6963160657145235,-5063882.375,10040956.625,2.323554602731708,IQR,Posible valor extremo real debido a la distribución asimétrica; validar antes de eliminar.
1349,CLI-101349,saldo_actual,26763176,True,True,5.940511155077687,-5063882.375,10040956.625,2.323554602731708,IQR,Valor extremo severo; validar con la fuente original.
1366,CLI-101366,saldo_actual,19402802,True,True,4.083223700061126,-5063882.375,10040956.625,2.323554602731708,IQR,Valor extremo severo; validar con la fuente original.
1387,CLI-101387,saldo_actual,14825809,True,False,2.928283518950952,-5063882.375,10040956.625,2.323554602731708,IQR,Posible valor extremo real debido a la distribución asimétrica; validar antes de eliminar.
1397,CLI-101397,saldo_actual,11034815,True,False,1.971679194463765,-5063882.375,10040956.625,2.323554602731708,IQR,Posible valor extremo real debido a la distribución asimétrica; validar antes de eliminar.
1429,CLI-101429,saldo_actual,24359143,True,True,5.333887044353716,-5063882.375,10040956.625,2.323554602731708,IQR,Valor extremo severo; validar con la fuente original.
1434,CLI-101434,saldo_actual,11020188,True,False,1.9679882755506057,-5063882.375,10040956.625,2.323554602731708,IQR,Posible valor extremo real debido a la distribución asimétrica; validar antes de eliminar.
1481,CLI-101481,saldo_actual,10170692,True,False,1.7536298388887257,-5063882.375,10040956.625,2.323554602731708,IQR,Posible valor extremo real debido a la distribución asimétrica; validar antes de eliminar.
1492,CLI-101492,saldo_actual,12583465,True,False,2.362459366396794,-5063882.375,10040956.625,2.323554602731708,IQR,Posible valor extremo real debido a la distribución asimétrica; validar antes de eliminar.
1523,CLI-101523,saldo_actual,14914999,True,False,2.9507893682614528,-5063882.375,10040956.625,2.323554602731708,IQR,Posible valor extremo real debido a la distribución asimétrica; validar antes de eliminar.
1532,CLI-101532,saldo_actual,12790910,True,False,2.4148052113369984,-5063882.375,10040956.625,2.323554602731708,IQR,Posible valor extremo real debido a la distribución asimétrica; validar antes de eliminar.
1535,CLI-101535,saldo_actual,14695401,True,False,2.8953768837128786,-5063882.375,10040956.625,2.323554602731708,IQR,Posible valor extremo real debido a la distribución asimétrica; validar antes de eliminar.
1542,CLI-101542,saldo_actual,16359771,True,True,3.3153573794738156,-5063882.375,10040956.625,2.323554602731708,IQR,Valor extremo severo; validar con la fuente original.
1543,CLI-101543,saldo_actual,17076299,True,True,3.496163200695415,-5063882.375,10040956.625,2.323554602731708,IQR,Valor extremo severo; validar con la fuente original.
1586,CLI-101586,saldo_actual,10531563,True,False,1.8446905894945076,-5063882.375,10040956.625,2.323554602731708,IQR,Posible valor extremo real debido a la distribución asimétrica; validar antes de eliminar.
1613,CLI-101613,saldo_actual,13575433,True,False,2.6127686199996503,-5063882.375,10040956.625,2.323554602731708,IQR,Posible valor extremo real debido a la distribución asimétrica; validar antes de eliminar.
1643,CLI-101643,saldo_actual,19349517,True,True,4.069777975422601,-5063882.375,10040956.625,2.323554602731708,IQR,Valor extremo severo; validar con la fuente original.
1650,CLI-101650,saldo_actual,11085762,True,False,1.9845349574957427,-5063882.375,10040956.625,2.323554602731708,IQR,Posible valor extremo real debido a la distribución asimétrica; validar antes de eliminar.
1655,CLI-101655,saldo_actual,14917448,True,False,2.9514073391658298,-5063882.375,10040956.625,2.323554602731708,IQR,Posible valor extremo real debido a la distribución asimétrica; validar antes de eliminar.
1664,CLI-101664,saldo_actual,10634142,True,False,1.8705749657297563,-5063882.375,10040956.625,2.323554602731708,IQR,Posible valor extremo real debido a la distribución asimétrica; validar antes de eliminar.
1689,CLI-101689,saldo_actual,10731208,True,False,1.895068213506111,-5063882.375,10040956.625,2.323554602731708,IQR,Posible valor extremo real debido a la distribución asimétrica; validar antes de eliminar.
1698,CLI-101698,saldo_actual,12131973,True,False,2.2485316736409184,-5063882.375,10040956.625,2.323554602731708,IQR,Posible valor extremo real debido a la distribución asimétrica; validar antes de eliminar.
1700,CLI-101700,saldo_actual,10624993,True,False,1.8682663435149143,-5063882.375,10040956.625,2.323554602731708,IQR,Posible valor extremo real debido a la distribución asimétrica; validar antes de eliminar.
1712,CLI-101712,saldo_actual,10494558,True,False,1.8353528952043956,-5063882.375,10040956.625,2.323554602731708,IQR,Posible valor extremo real debido a la distribución asimétrica; validar antes de eliminar.
1713,CLI-101713,saldo_actual,14965020,True,False,2.963411468142163,-5063882.375,10040956.625,2.323554602731708,IQR,Posible valor extremo real debido a la distribución asimétrica; validar antes de eliminar.
1722,CLI-101722,saldo_actual,14716201,True,False,2.900625472855814,-5063882.375,10040956.625,2.323554602731708,IQR,Posible valor extremo real debido a la distribución asimétrica; validar antes de eliminar.
1757,CLI-101757,saldo_actual,10346927,True,False,1.7981002767543617,-5063882.375,10040956.625,2.323554602731708,IQR,Posible valor extremo real debido a la distribución asimétrica; validar antes de eliminar.
1762,CLI-101762,saldo_actual,16242223,True,True,3.2856957854077686,-5063882.375,10040956.625,2.323554602731708,IQR,Valor extremo severo; validar con la fuente original.
1776,CLI-101776,saldo_actual,13574846,True,False,2.6126204987579724,-5063882.375,10040956.625,2.323554602731708,IQR,Posible valor extremo real debido a la distribución asimétrica; validar antes de eliminar.
1784,CLI-101784,saldo_actual,11920430,True,False,2.195151755705149,-5063882.375,10040956.625,2.323554602731708,IQR,Posible valor extremo real debido a la distribución asimétrica; validar antes de eliminar.
1818,CLI-101818,saldo_actual,10502565,True,False,1.8373733496884093,-5063882.375,10040956.625,2.323554602731708,IQR,Posible valor extremo real debido a la distribución asimétrica; validar antes de eliminar.
1832,CLI-101832,saldo_actual,12046121,True,False,2.2268681219534523,-5063882.375,10040956.625,2.323554602731708,IQR,Posible valor extremo real debido a la distribución asimétrica; validar antes de eliminar.
1856,CLI-101856,saldo_actual,21434319,True,True,4.595848607267318,-5063882.375,10040956.625,2.323554602731708,IQR,Valor extremo severo; validar con la fuente original.
1871,CLI-101871,saldo_actual,10177057,True,False,1.7552359576336671,-5063882.375,10040956.625,2.323554602731708,IQR,Posible valor extremo real debido a la distribución asimétrica; validar antes de eliminar.
1882,CLI-101882,saldo_actual,15645928,True,True,3.135229080456485,-5063882.375,10040956.625,2.323554602731708,IQR,Valor extremo severo; validar con la fuente original.
1897,CLI-101897,saldo_actual,11142514,True,False,1.9988555311034288,-5063882.375,10040956.625,2.323554602731708,IQR,Posible valor extremo real debido a la distribución asimétrica; validar antes de eliminar.
1904,CLI-101904,saldo_actual,16271744,True,True,3.29314499695049,-5063882.375,10040956.625,2.323554602731708,IQR,Valor extremo severo; validar con la fuente original.
1915,CLI-101915,saldo_actual,10464184,True,False,1.827688441039611,-5063882.375,10040956.625,2.323554602731708,IQR,Posible valor extremo real debido a la distribución asimétrica; validar antes de eliminar.
1916,CLI-101916,saldo_actual,10659485,True,False,1.8769699173955936,-5063882.375,10040956.625,2.323554602731708,IQR,Posible valor extremo real debido a la distribución asimétrica; validar antes de eliminar.
1927,CLI-101927,saldo_actual,10796784,True,False,1.911615400123281,-5063882.375,10040956.625,2.323554602731708,IQR,Posible valor extremo real debido a la distribución asimétrica; validar antes de eliminar.
1954,CLI-101954,saldo_actual,10582717,True,False,1.857598586081898,-5063882.375,10040956.625,2.323554602731708,IQR,Posible valor extremo real debido a la distribución asimétrica; validar antes de eliminar.
1969,CLI-101969,saldo_actual,22339777,True,True,4.82432827208386,-5063882.375,10040956.625,2.323554602731708,IQR,Valor extremo severo; validar con la fuente original.
1998,CLI-101998,saldo_actual,14222628,True,False,2.7760792281901367,-5063882.375,10040956.625,2.323554602731708,IQR,Posible valor extremo real debido a la distribución asimétrica; validar antes de eliminar.
2011,CLI-102011,saldo_actual,14856318,True,False,2.9359820384779622,-5063882.375,10040956.625,2.323554602731708,IQR,Posible valor extremo real debido a la distribución asimétrica; validar antes de eliminar.
2015,CLI-102015,saldo_actual,10865289,True,False,1.9289016789327422,-5063882.375,10040956.625,2.323554602731708,IQR,Posible valor extremo real debido a la distribución asimétrica; validar antes de eliminar.
2029,CLI-102029,saldo_actual,15234930,True,True,3.031519482352245,-5063882.375,10040956.625,2.323554602731708,IQR,Valor extremo severo; validar con la fuente original.
2048,CLI-102048,saldo_actual,11019675,True,False,1.9678588271741477,-5063882.375,10040956.625,2.323554602731708,IQR,Posible valor extremo real debido a la distribución asimétrica; validar antes de eliminar.
2069,CLI-102069,saldo_actual,10927149,True,False,1.9445111849126455,-5063882.375,10040956.625,2.323554602731708,IQR,Posible valor extremo real debido a la distribución asimétrica; validar antes de eliminar.
2086,CLI-102086,saldo_actual,16592444,True,True,3.3740691574379613,-5063882.375,10040956.625,2.323554602731708,IQR,Valor extremo severo; validar con la fuente original.
2087,CLI-102087,saldo_actual,12415610,True,False,2.3201035043493214,-5063882.375,10040956.625,2.323554602731708,IQR,Posible valor extremo real debido a la distribución asimétrica; validar antes de eliminar.
2120,CLI-102120,saldo_actual,11888966,True,False,2.1872122552823936,-5063882.375,10040956.625,2.323554602731708,IQR,Posible valor extremo real debido a la distribución asimétrica; validar antes de eliminar.
2130,CLI-102130,saldo_actual,11520100,True,False,2.094134078224796,-5063882.375,10040956.625,2.323554602731708,IQR,Posible valor extremo real debido a la distribución asimétrica; validar antes de eliminar.
2140,CLI-102140,saldo_actual,15288417,True,True,3.0450161788661005,-5063882.375,10040956.625,2.323554602731708,IQR,Valor extremo severo; validar con la fuente original.
2185,CLI-102185,saldo_actual,30018536,True,True,6.761955729709724,-5063882.375,10040956.625,2.323554602731708,IQR,Valor extremo severo; validar con la fuente original.
2197,CLI-102197,saldo_actual,18503746,True,True,3.856359490422136,-5063882.375,10040956.625,2.323554602731708,IQR,Valor extremo severo; validar con la fuente original.
2224,CLI-102224,saldo_actual,12039957,True,False,2.2253127227478244,-5063882.375,10040956.625,2.323554602731708,IQR,Posible valor extremo real debido a la distribución asimétrica; validar antes de eliminar.
2233,CLI-102233,saldo_actual,15649981,True,True,3.136251798331308,-5063882.375,10040956.625,2.323554602731708,IQR,Valor extremo severo; validar con la fuente original.
2253,CLI-102253,saldo_actual,12441852,True,False,2.326725306093981,-5063882.375,10040956.625,2.323554602731708,IQR,Posible valor extremo real debido a la distribución asimétrica; validar antes de eliminar.
2258,CLI-102258,saldo_actual,12351074,True,False,2.303818747189298,-5063882.375,10040956.625,2.323554602731708,IQR,Posible valor extremo real debido a la distribución asimétrica; validar antes de eliminar.
2275,CLI-102275,saldo_actual,10295242,True,False,1.7850582897422167,-5063882.375,10040956.625,2.323554602731708,IQR,Posible valor extremo real debido a la distribución asimétrica; validar antes de eliminar.
2281,CLI-102281,saldo_actual,10838905,True,False,1.9222440454737417,-5063882.375,10040956.625,2.323554602731708,IQR,Posible valor extremo real debido a la distribución asimétrica; validar antes de eliminar.
2291,CLI-102291,saldo_actual,12898374,True,False,2.4419222490127876,-5063882.375,10040956.625,2.323554602731708,IQR,Posible valor extremo real debido a la distribución asimétrica; validar antes de eliminar.
2323,CLI-102323,saldo_actual,13161073,True,False,2.50821066820798,-5063882.375,10040956.625,2.323554602731708,IQR,Posible valor extremo real debido a la distribución asimétrica; validar antes de eliminar.
2366,CLI-102366,saldo_actual,11258767,True,False,2.028190350028125,-5063882.375,10040956.625,2.323554602731708,IQR,Posible valor extremo real debido a la distribución asimétrica; validar antes de eliminar.
2371,CLI-102371,saldo_actual,23766847,True,True,5.184429431132365,-5063882.375,10040956.625,2.323554602731708,IQR,Valor extremo severo; validar con la fuente original.
2414,CLI-102414,saldo_actual,14182089,True,False,2.765849778417759,-5063882.375,10040956.625,2.323554602731708,IQR,Posible valor extremo real debido a la distribución asimétrica; validar antes de eliminar.
2418,CLI-102418,saldo_actual,16491626,True,True,3.3486291449277465,-5063882.375,10040956.625,2.323554602731708,IQR,Valor extremo severo; validar con la fuente original.
2476,CLI-102476,saldo_actual,11457129,True,False,2.078244226930575,-5063882.375,10040956.625,2.323554602731708,IQR,Posible valor extremo real debido a la distribución asimétrica; validar antes de eliminar.
2477,CLI-102477,saldo_actual,12064818,True,False,2.231586048453715,-5063882.375,10040956.625,2.323554602731708,IQR,Posible valor extremo real debido a la distribución asimétrica; validar antes de eliminar.
2508,CLI-102508,saldo_actual,14374814,True,False,2.8144812371952703,-5063882.375,10040956.625,2.323554602731708,IQR,Posible valor extremo real debido a la distribución asimétrica; validar antes de eliminar.
2528,CLI-102528,saldo_actual,13668735,True,False,2.6363120750099465,-5063882.375,10040956.625,2.323554602731708,IQR,Posible valor extremo real debido a la distribución asimétrica; validar antes de eliminar.
2586,CLI-102586,saldo_actual,12661465,True,False,2.382141575682802,-5063882.375,10040956.625,2.323554602731708,IQR,Posible valor extremo real debido a la distribución asimétrica; validar antes de eliminar.
2609,CLI-102609,saldo_actual,15092477,True,False,2.9955734597955823,-5063882.375,10040956.625,2.323554602731708,IQR,Posible valor extremo real debido a la distribución asimétrica; validar antes de eliminar.
2624,CLI-102624,saldo_actual,21462531,True,True,4.602967510964458,-5063882.375,10040956.625,2.323554602731708,IQR,Valor extremo severo; validar con la fuente original.
2643,CLI-102643,saldo_actual,14913141,True,False,2.9503205279428193,-5063882.375,10040956.625,2.323554602731708,IQR,Posible valor extremo real debido a la distribución asimétrica; validar antes de eliminar.
2671,CLI-102671,saldo_actual,13381967,True,False,2.5639501802339217,-5063882.375,10040956.625,2.323554602731708,IQR,Posible valor extremo real debido a la distribución asimétrica; validar antes de eliminar.
2689,CLI-102689,saldo_actual,11690342,True,False,2.1370922663436236,-5063882.375,10040956.625,2.323554602731708,IQR,Posible valor extremo real debido a la distribución asimétrica; validar antes de eliminar.
2712,CLI-102712,saldo_actual,18375201,True,True,3.8239229571827784,-5063882.375,10040956.625,2.323554602731708,IQR,Valor extremo severo; validar con la fuente original.
2716,CLI-102716,saldo_actual,12989631,True,False,2.4649496768693675,-5063882.375,10040956.625,2.323554602731708,IQR,Posible valor extremo real debido a la distribución asimétrica; validar antes de eliminar.
2719,CLI-102719,saldo_actual,10796829,True,False,1.911626755244023,-5063882.375,10040956.625,2.323554602731708,IQR,Posible valor extremo real debido a la distribución asimétrica; validar antes de eliminar.
2726,CLI-102726,saldo_actual,16992200,True,True,3.474941994044851,-5063882.375,10040956.625,2.323554602731708,IQR,Valor extremo severo; validar con la fuente original.
2755,CLI-102755,saldo_actual,14671297,True,False,2.889294576371469,-5063882.375,10040956.625,2.323554602731708,IQR,Posible valor extremo real debido a la distribución asimétrica; validar antes de eliminar.
2775,CLI-102775,saldo_actual,18468534,True,True,3.8474742346095856,-5063882.375,10040956.625,2.323554602731708,IQR,Valor extremo severo; validar con la fuente original.
2778,CLI-102778,saldo_actual,13660290,True,False,2.6341810973507114,-5063882.375,10040956.625,2.323554602731708,IQR,Posible valor extremo real debido a la distribución asimétrica; validar antes de eliminar.
2795,CLI-102795,saldo_actual,11771587,True,False,2.157593306003133,-5063882.375,10040956.625,2.323554602731708,IQR,Posible valor extremo real debido a la distribución asimétrica; validar antes de eliminar.
2798,CLI-102798,saldo_actual,14822859,True,False,2.9275391277023144,-5063882.375,10040956.625,2.323554602731708,IQR,Posible valor extremo real debido a la distribución asimétrica; validar antes de eliminar.
2801,CLI-102801,saldo_actual,20265770,True,True,4.300981607537122,-5063882.375,10040956.625,2.323554602731708,IQR,Valor extremo severo; validar con la fuente original.
2810,CLI-102810,saldo_actual,13087540,True,False,2.489655643907621,-5063882.375,10040956.625,2.323554602731708,IQR,Posible valor extremo real debido a la distribución asimétrica; validar antes de eliminar.
2831,CLI-102831,saldo_actual,11896328,True,False,2.189069953035773,-5063882.375,10040956.625,2.323554602731708,IQR,Posible valor extremo real debido a la distribución asimétrica; validar antes de eliminar.
2833,CLI-102833,saldo_actual,11121205,True,False,1.9934785029281015,-5063882.375,10040956.625,2.323554602731708,IQR,Posible valor extremo real debido a la distribución asimétrica; validar antes de eliminar.
2834,CLI-102834,saldo_actual,13666693,True,False,2.6357968048642797,-5063882.375,10040956.625,2.323554602731708,IQR,Posible valor extremo real debido a la distribución asimétrica; validar antes de eliminar.
2846,CLI-102846,saldo_actual,23655005,True,True,5.156207666376395,-5063882.375,10040956.625,2.323554602731708,IQR,Valor extremo severo; validar con la fuente original.
2850,CLI-102850,saldo_actual,10062939,True,False,1.7264398761041715,-5063882.375,10040956.625,2.323554602731708,IQR,Posible valor extremo real debido a la distribución asimétrica; validar antes de eliminar.
2869,CLI-102869,saldo_actual,16118273,True,True,3.2544187361641703,-5063882.375,10040956.625,2.323554602731708,IQR,Valor extremo severo; validar con la fuente original.
2931,CLI-102931,saldo_actual,10749947,True,False,1.8997967381190661,-5063882.375,10040956.625,2.323554602731708,IQR,Posible valor extremo real debido a la distribución asimétrica; validar antes de eliminar.
3007,CLI-103007,saldo_actual,10191885,True,False,1.7589775960861407,-5063882.375,10040956.625,2.323554602731708,IQR,Posible valor extremo real debido a la distribución asimétrica; validar antes de eliminar.
3044,CLI-103044,saldo_actual,21316802,True,True,4.566194835617782,-5063882.375,10040956.625,2.323554602731708,IQR,Valor extremo severo; validar con la fuente original.
3051,CLI-103051,saldo_actual,15804864,True,True,3.1753343575729076,-5063882.375,10040956.625,2.323554602731708,IQR,Valor extremo severo; validar con la fuente original.
3061,CLI-103061,saldo_actual,11589130,True,False,2.111552833442913,-5063882.375,10040956.625,2.323554602731708,IQR,Posible valor extremo real debido a la distribución asimétrica; validar antes de eliminar.
3071,CLI-103071,saldo_actual,14740810,True,False,2.9068352098855494,-5063882.375,10040956.625,2.323554602731708,IQR,Posible valor extremo real debido a la distribución asimétrica; validar antes de eliminar.
3087,CLI-103087,saldo_actual,13840510,True,False,2.6796570942420495,-5063882.375,10040956.625,2.323554602731708,IQR,Posible valor extremo real debido a la distribución asimétrica; validar antes de eliminar.
3088,CLI-103088,saldo_actual,11826358,True,False,2.1714140019621575,-5063882.375,10040956.625,2.323554602731708,IQR,Posible valor extremo real debido a la distribución asimétrica; validar antes de eliminar.
3089,CLI-103089,saldo_actual,10916566,True,False,1.9418407128501605,-5063882.375,10040956.625,2.323554602731708,IQR,Posible valor extremo real debido a la distribución asimétrica; validar antes de eliminar.
3092,CLI-103092,saldo_actual,19448731,True,True,4.09481324096237,-5063882.375,10040956.625,2.323554602731708,IQR,Valor extremo severo; validar con la fuente original.
3100,CLI-103100,saldo_actual,10472400,True,False,1.8297616337510705,-5063882.375,10040956.625,2.323554602731708,IQR,Posible valor extremo real debido a la distribución asimétrica; validar antes de eliminar.
3106,CLI-103106,saldo_actual,16812897,True,True,3.4296973892806317,-5063882.375,10040956.625,2.323554602731708,IQR,Valor extremo severo; validar con la fuente original.
3118,CLI-103118,saldo_actual,20334585,True,True,4.318346110511694,-5063882.375,10040956.625,2.323554602731708,IQR,Valor extremo severo; validar con la fuente original.
3124,CLI-103124,saldo_actual,11477835,True,False,2.0834690964879607,-5063882.375,10040956.625,2.323554602731708,IQR,Posible valor extremo real debido a la distribución asimétrica; validar antes de eliminar.
3146,CLI-103146,saldo_actual,12320150,True,False,2.2960155082154454,-5063882.375,10040956.625,2.323554602731708,IQR,Posible valor extremo real debido a la distribución asimétrica; validar antes de eliminar.
3147,CLI-103147,saldo_actual,12676878,True,False,2.3860308307049207,-5063882.375,10040956.625,2.323554602731708,IQR,Posible valor extremo real debido a la distribución asimétrica; validar antes de eliminar.
3160,CLI-103160,saldo_actual,17686666,True,True,3.6501807780707076,-5063882.375,10040956.625,2.323554602731708,IQR,Valor extremo severo; validar con la fuente original.
3177,CLI-103177,saldo_actual,17553622,True,True,3.616608985093174,-5063882.375,10040956.625,2.323554602731708,IQR,Valor extremo severo; validar con la fuente original.
3191,CLI-103191,saldo_actual,10236991,True,False,1.770359464445816,-5063882.375,10040956.625,2.323554602731708,IQR,Posible valor extremo real debido a la distribución asimétrica; validar antes de eliminar.
3194,CLI-103194,saldo_actual,10325235,True,False,1.7926266038847196,-5063882.375,10040956.625,2.323554602731708,IQR,Posible valor extremo real debido a la distribución asimétrica; validar antes de eliminar.
3195,CLI-103195,saldo_actual,16196187,True,True,3.2740792445527602,-5063882.375,10040956.625,2.323554602731708,IQR,Valor extremo severo; validar con la fuente original.
3204,CLI-103204,saldo_actual,10257099,True,False,1.7754334370653422,-5063882.375,10040956.625,2.323554602731708,IQR,Posible valor extremo real debido a la distribución asimétrica; validar antes de eliminar.
3212,CLI-103212,saldo_actual,13773566,True,False,2.662764711954325,-5063882.375,10040956.625,2.323554602731708,IQR,Posible valor extremo real debido a la distribución asimétrica; validar antes de eliminar.
3215,CLI-103215,saldo_actual,18916165,True,True,3.960427658005804,-5063882.375,10040956.625,2.323554602731708,IQR,Valor extremo severo; validar con la fuente original.
3219,CLI-103219,saldo_actual,11881591,True,False,2.1853512771608,-5063882.375,10040956.625,2.323554602731708,IQR,Posible valor extremo real debido a la distribución asimétrica; validar antes de eliminar.
3221,CLI-103221,saldo_actual,10385967,True,False,1.8079514748380252,-5063882.375,10040956.625,2.323554602731708,IQR,Posible valor extremo real debido a la distribución asimétrica; validar antes de eliminar.
3239,CLI-103239,saldo_actual,14673129,True,False,2.8897568559536735,-5063882.375,10040956.625,2.323554602731708,IQR,Posible valor extremo real debido a la distribución asimétrica; validar antes de eliminar.
3251,CLI-103251,saldo_actual,10045428,True,False,1.7220212201194627,-5063882.375,10040956.625,2.323554602731708,IQR,Posible valor extremo real debido a la distribución asimétrica; validar antes de eliminar.
3268,CLI-103268,saldo_actual,10664754,True,False,1.878299475866465,-5063882.375,10040956.625,2.323554602731708,IQR,Posible valor extremo real debido a la distribución asimétrica; validar antes de eliminar.
3273,CLI-103273,saldo_actual,16417701,True,True,3.329975204908924,-5063882.375,10040956.625,2.323554602731708,IQR,Valor extremo severo; validar con la fuente original.
3284,CLI-103284,saldo_actual,29267757,True,True,6.5725071475874195,-5063882.375,10040956.625,2.323554602731708,IQR,Valor extremo severo; validar con la fuente original.
3309,CLI-103309,saldo_actual,13639052,True,False,2.6288219850325545,-5063882.375,10040956.625,2.323554602731708,IQR,Posible valor extremo real debido a la distribución asimétrica; validar antes de eliminar.
3326,CLI-103326,saldo_actual,13224558,True,False,2.524230220214675,-5063882.375,10040956.625,2.323554602731708,IQR,Posible valor extremo real debido a la distribución asimétrica; validar antes de eliminar.
3367,CLI-103367,saldo_actual,12736228,True,False,2.4010069732834407,-5063882.375,10040956.625,2.323554602731708,IQR,Posible valor extremo real debido a la distribución asimétrica; validar antes de eliminar.
3370,CLI-103370,saldo_actual,20442081,True,True,4.345471222940011,-5063882.375,10040956.625,2.323554602731708,IQR,Valor extremo severo; validar con la fuente original.
3382,CLI-103382,saldo_actual,14071500,True,False,2.7379441906904467,-5063882.375,10040956.625,2.323554602731708,IQR,Posible valor extremo real debido a la distribución asimétrica; validar antes de eliminar.
3389,CLI-103389,saldo_actual,15284697,True,True,3.0440774888847675,-5063882.375,10040956.625,2.323554602731708,IQR,Valor extremo severo; validar con la fuente original.
3394,CLI-103394,saldo_actual,18162773,True,True,3.770319721872418,-5063882.375,10040956.625,2.323554602731708,IQR,Valor extremo severo; validar con la fuente original.
3402,CLI-103402,saldo_actual,18031960,True,True,3.737310890547667,-5063882.375,10040956.625,2.323554602731708,IQR,Valor extremo severo; validar con la fuente original.
3416,CLI-103416,saldo_actual,18631568,True,True,3.8886135847215733,-5063882.375,10040956.625,2.323554602731708,IQR,Valor extremo severo; validar con la fuente original.
3424,CLI-103424,saldo_actual,17319193,True,True,3.557454105084077,-5063882.375,10040956.625,2.323554602731708,IQR,Valor extremo severo; validar con la fuente original.
3432,CLI-103432,saldo_actual,11819086,True,False,2.169579014450262,-5063882.375,10040956.625,2.323554602731708,IQR,Posible valor extremo real debido a la distribución asimétrica; validar antes de eliminar.
3434,CLI-103434,saldo_actual,18558428,True,True,3.8701577284756934,-5063882.375,10040956.625,2.323554602731708,IQR,Valor extremo severo; validar con la fuente original.
3448,CLI-103448,saldo_actual,12027568,True,False,2.2221865318395637,-5063882.375,10040956.625,2.323554602731708,IQR,Posible valor extremo real debido a la distribución asimétrica; validar antes de eliminar.
3479,CLI-103479,saldo_actual,20625017,True,True,4.391632564452128,-5063882.375,10040956.625,2.323554602731708,IQR,Valor extremo severo; validar con la fuente original.
3514,CLI-103514,saldo_actual,10643241,True,False,1.8728709711437743,-5063882.375,10040956.625,2.323554602731708,IQR,Posible valor extremo real debido a la distribución asimétrica; validar antes de eliminar.
3516,CLI-103516,saldo_actual,16606294,True,True,3.37756401126631,-5063882.375,10040956.625,2.323554602731708,IQR,Valor extremo severo; validar con la fuente original.
3517,CLI-103517,saldo_actual,11683055,True,False,2.1352534937914807,-5063882.375,10040956.625,2.323554602731708,IQR,Posible valor extremo real debido a la distribución asimétrica; validar antes de eliminar.
3540,CLI-103540,saldo_actual,13158503,True,False,2.507562164645608,-5063882.375,10040956.625,2.323554602731708,IQR,Posible valor extremo real debido a la distribución asimétrica; validar antes de eliminar.
3564,CLI-103564,saldo_actual,18519193,True,True,3.8602573248688152,-5063882.375,10040956.625,2.323554602731708,IQR,Valor extremo severo; validar con la fuente original.
3566,CLI-103566,saldo_actual,12445026,True,False,2.3275262206103116,-5063882.375,10040956.625,2.323554602731708,IQR,Posible valor extremo real debido a la distribución asimétrica; validar antes de eliminar.
3581,CLI-103581,saldo_actual,10257984,True,False,1.7756567544399335,-5063882.375,10040956.625,2.323554602731708,IQR,Posible valor extremo real debido a la distribución asimétrica; validar antes de eliminar.
3653,CLI-103653,saldo_actual,23648008,True,True,5.154442071269033,-5063882.375,10040956.625,2.323554602731708,IQR,Valor extremo severo; validar con la fuente original.
3656,CLI-103656,saldo_actual,10216135,True,False,1.765096744485957,-5063882.375,10040956.625,2.323554602731708,IQR,Posible valor extremo real debido a la distribución asimétrica; validar antes de eliminar.
3668,CLI-103668,saldo_actual,10965064,True,False,1.9540785049777607,-5063882.375,10040956.625,2.323554602731708,IQR,Posible valor extremo real debido a la distribución asimétrica; validar antes de eliminar.
3682,CLI-103682,saldo_actual,14502310,True,False,2.846653069953333,-5063882.375,10040956.625,2.323554602731708,IQR,Posible valor extremo real debido a la distribución asimétrica; validar antes de eliminar.
3692,CLI-103692,saldo_actual,14342249,True,False,2.806263914818362,-5063882.375,10040956.625,2.323554602731708,IQR,Posible valor extremo real debido a la distribución asimétrica; validar antes de eliminar.
3698,CLI-103698,saldo_actual,17580836,True,True,3.6234760574458584,-5063882.375,10040956.625,2.323554602731708,IQR,Valor extremo severo; validar con la fuente original.
3712,CLI-103712,saldo_actual,15702299,True,True,3.14945351404189,-5063882.375,10040956.625,2.323554602731708,IQR,Valor extremo severo; validar con la fuente original.
3731,CLI-103731,saldo_actual,10551357,True,False,1.849685328604857,-5063882.375,10040956.625,2.323554602731708,IQR,Posible valor extremo real debido a la distribución asimétrica; validar antes de eliminar.
3735,CLI-103735,saldo_actual,11610970,True,False,2.117063852042995,-5063882.375,10040956.625,2.323554602731708,IQR,Posible valor extremo real debido a la distribución asimétrica; validar antes de eliminar.
3741,CLI-103741,saldo_actual,16960485,True,True,3.466939157281957,-5063882.375,10040956.625,2.323554602731708,IQR,Valor extremo severo; validar con la fuente original.
3745,CLI-103745,saldo_actual,10720646,True,False,1.8924030404999723,-5063882.375,10040956.625,2.323554602731708,IQR,Posible valor extremo real debido a la distribución asimétrica; validar antes de eliminar.
3752,CLI-103752,saldo_actual,12081768,True,False,2.2358631439331744,-5063882.375,10040956.625,2.323554602731708,IQR,Posible valor extremo real debido a la distribución asimétrica; validar antes de eliminar.
3755,CLI-103755,saldo_actual,10193136,True,False,1.7592932684427662,-5063882.375,10040956.625,2.323554602731708,IQR,Posible valor extremo real debido a la distribución asimétrica; validar antes de eliminar.
3765,CLI-103765,saldo_actual,11513698,True,False,2.092518623047244,-5063882.375,10040956.625,2.323554602731708,IQR,Posible valor extremo real debido a la distribución asimétrica; validar antes de eliminar.
3778,CLI-103778,saldo_actual,10912468,True,False,1.9408066398545956,-5063882.375,10040956.625,2.323554602731708,IQR,Posible valor extremo real debido a la distribución asimétrica; validar antes de eliminar.
3780,CLI-103780,saldo_actual,11500222,True,False,2.0891181428890615,-5063882.375,10040956.625,2.323554602731708,IQR,Posible valor extremo real debido a la distribución asimétrica; validar antes de eliminar.
3785,CLI-103785,saldo_actual,11634126,True,False,2.1229069448407745,-5063882.375,10040956.625,2.323554602731708,IQR,Posible valor extremo real debido a la distribución asimétrica; validar antes de eliminar.
3788,CLI-103788,saldo_actual,14705147,True,False,2.8978361505295633,-5063882.375,10040956.625,2.323554602731708,IQR,Posible valor extremo real debido a la distribución asimétrica; validar antes de eliminar.
3797,CLI-103797,saldo_actual,26889673,True,True,5.972430904155278,-5063882.375,10040956.625,2.323554602731708,IQR,Valor extremo severo; validar con la fuente original.
3821,CLI-103821,saldo_actual,13354828,True,False,2.5571020330824736,-5063882.375,10040956.625,2.323554602731708,IQR,Posible valor extremo real debido a la distribución asimétrica; validar antes de eliminar.
3822,CLI-103822,saldo_actual,17056289,True,True,3.4911139570055045,-5063882.375,10040956.625,2.323554602731708,IQR,Valor extremo severo; validar con la fuente original.
3827,CLI-103827,saldo_actual,12031593,True,False,2.223202184305925,-5063882.375,10040956.625,2.323554602731708,IQR,Posible valor extremo real debido a la distribución asimétrica; validar antes de eliminar.
3831,CLI-103831,saldo_actual,17160009,True,True,3.5172862486355654,-5063882.375,10040956.625,2.323554602731708,IQR,Valor extremo severo; validar con la fuente original.
3853,CLI-103853,saldo_actual,10925755,True,False,1.9441594285056623,-5063882.375,10040956.625,2.323554602731708,IQR,Posible valor extremo real debido a la distribución asimétrica; validar antes de eliminar.
3883,CLI-103883,saldo_actual,11968869,True,False,2.2073746600077766,-5063882.375,10040956.625,2.323554602731708,IQR,Posible valor extremo real debido a la distribución asimétrica; validar antes de eliminar.
3923,CLI-103923,saldo_actual,13879642,True,False,2.68953150723923,-5063882.375,10040956.625,2.323554602731708,IQR,Posible valor extremo real debido a la distribución asimétrica; validar antes de eliminar.
3930,CLI-103930,saldo_actual,15147111,True,True,3.0093595857203486,-5063882.375,10040956.625,2.323554602731708,IQR,Valor extremo severo; validar con la fuente original.
3938,CLI-103938,saldo_actual,12987124,True,False,2.4643170704760338,-5063882.375,10040956.625,2.323554602731708,IQR,Posible valor extremo real debido a la distribución asimétrica; validar antes de eliminar.
3953,CLI-103953,saldo_actual,16963554,True,True,3.467713576516556,-5063882.375,10040956.625,2.323554602731708,IQR,Valor extremo severo; validar con la fuente original.
3958,CLI-103958,saldo_actual,12663968,True,False,2.38277317273207,-5063882.375,10040956.625,2.323554602731708,IQR,Posible valor extremo real debido a la distribución asimétrica; validar antes de eliminar.
3968,CLI-103968,saldo_actual,11162111,True,False,2.0038005600185302,-5063882.375,10040956.625,2.323554602731708,IQR,Posible valor extremo real debido a la distribución asimétrica; validar antes de eliminar.
3989,CLI-103989,saldo_actual,12910976,True,False,2.4451021874925605,-5063882.375,10040956.625,2.323554602731708,IQR,Posible valor extremo real debido a la distribución asimétrica; validar antes de eliminar.
4018,CLI-104018,saldo_actual,29163182,True,True,6.5461191086632615,-5063882.375,10040956.625,2.323554602731708,IQR,Valor extremo severo; validar con la fuente original.
4025,CLI-104025,saldo_actual,11906316,True,False,2.1915902851684477,-5063882.375,10040956.625,2.323554602731708,IQR,Posible valor extremo real debido a la distribución asimétrica; validar antes de eliminar.
4068,CLI-104068,saldo_actual,13373672,True,False,2.56185705297716,-5063882.375,10040956.625,2.323554602731708,IQR,Posible valor extremo real debido a la distribución asimétrica; validar antes de eliminar.
4072,CLI-104072,saldo_actual,10493572,True,False,1.8351040918921393,-5063882.375,10040956.625,2.323554602731708,IQR,Posible valor extremo real debido a la distribución asimétrica; validar antes de eliminar.
4081,CLI-104081,saldo_actual,12596247,True,False,2.3656847253595346,-5063882.375,10040956.625,2.323554602731708,IQR,Posible valor extremo real debido a la distribución asimétrica; validar antes de eliminar.
4112,CLI-104112,saldo_actual,13345549,True,False,2.554760607185488,-5063882.375,10040956.625,2.323554602731708,IQR,Posible valor extremo real debido a la distribución asimétrica; validar antes de eliminar.
4135,CLI-104135,saldo_actual,18900649,True,True,3.9565124123739874,-5063882.375,10040956.625,2.323554602731708,IQR,Valor extremo severo; validar con la fuente original.
4163,CLI-104163,saldo_actual,10923412,True,False,1.9435682052190324,-5063882.375,10040956.625,2.323554602731708,IQR,Posible valor extremo real debido a la distribución asimétrica; validar antes de eliminar.
4170,CLI-104170,saldo_actual,11815089,True,False,2.1685704273923627,-5063882.375,10040956.625,2.323554602731708,IQR,Posible valor extremo real debido a la distribución asimétrica; validar antes de eliminar.
4183,CLI-104183,saldo_actual,24344966,True,True,5.3303096766479765,-5063882.375,10040956.625,2.323554602731708,IQR,Valor extremo severo; validar con la fuente original.
4192,CLI-104192,saldo_actual,15621732,True,True,3.1291235582015586,-5063882.375,10040956.625,2.323554602731708,IQR,Valor extremo severo; validar con la fuente original.
4207,CLI-104207,saldo_actual,10628008,True,False,1.8690271366046234,-5063882.375,10040956.625,2.323554602731708,IQR,Posible valor extremo real debido a la distribución asimétrica; validar antes de eliminar.
4217,CLI-104217,saldo_actual,11843838,True,False,2.1758248355303555,-5063882.375,10040956.625,2.323554602731708,IQR,Posible valor extremo real debido a la distribución asimétrica; validar antes de eliminar.
4223,CLI-104223,saldo_actual,14436661,True,False,2.830087462806959,-5063882.375,10040956.625,2.323554602731708,IQR,Posible valor extremo real debido a la distribución asimétrica; validar antes de eliminar.
4229,CLI-104229,saldo_actual,10436626,True,False,1.8207345650972544,-5063882.375,10040956.625,2.323554602731708,IQR,Posible valor extremo real debido a la distribución asimétrica; validar antes de eliminar.
4258,CLI-104258,saldo_actual,16277864,True,True,3.294689293371392,-5063882.375,10040956.625,2.323554602731708,IQR,Valor extremo severo; validar con la fuente original.
4259,CLI-104259,saldo_actual,11001178,True,False,1.9631913678771824,-5063882.375,10040956.625,2.323554602731708,IQR,Posible valor extremo real debido a la distribución asimétrica; validar antes de eliminar.
4266,CLI-104266,saldo_actual,17336686,True,True,3.561868219020489,-5063882.375,10040956.625,2.323554602731708,IQR,Valor extremo severo; validar con la fuente original.
4271,CLI-104271,saldo_actual,13135177,True,False,2.5016761747250253,-5063882.375,10040956.625,2.323554602731708,IQR,Posible valor extremo real debido a la distribución asimétrica; validar antes de eliminar.
4279,CLI-104279,saldo_actual,12213932,True,False,2.2692128812161996,-5063882.375,10040956.625,2.323554602731708,IQR,Posible valor extremo real debido a la distribución asimétrica; validar antes de eliminar.
4284,CLI-104284,saldo_actual,12339919,True,False,2.301003938925383,-5063882.375,10040956.625,2.323554602731708,IQR,Posible valor extremo real debido a la distribución asimétrica; validar antes de eliminar.
4285,CLI-104285,saldo_actual,17948437,True,True,3.7162350294426,-5063882.375,10040956.625,2.323554602731708,IQR,Valor extremo severo; validar con la fuente original.
4307,CLI-104307,saldo_actual,10295246,True,False,1.7850592990862826,-5063882.375,10040956.625,2.323554602731708,IQR,Posible valor extremo real debido a la distribución asimétrica; validar antes de eliminar.
4318,CLI-104318,saldo_actual,24158357,True,True,5.283221504947301,-5063882.375,10040956.625,2.323554602731708,IQR,Valor extremo severo; validar con la fuente original.
4337,CLI-104337,saldo_actual,19011027,True,True,3.984364757201821,-5063882.375,10040956.625,2.323554602731708,IQR,Valor extremo severo; validar con la fuente original.
4388,CLI-104388,saldo_actual,12661296,True,False,2.382098930896016,-5063882.375,10040956.625,2.323554602731708,IQR,Posible valor extremo real debido a la distribución asimétrica; validar antes de eliminar.
4405,CLI-104405,saldo_actual,14369431,True,False,2.8131229124185193,-5063882.375,10040956.625,2.323554602731708,IQR,Posible valor extremo real debido a la distribución asimétrica; validar antes de eliminar.
4429,CLI-104429,saldo_actual,12994891,True,False,2.4662769643160907,-5063882.375,10040956.625,2.323554602731708,IQR,Posible valor extremo real debido a la distribución asimétrica; validar antes de eliminar.
4445,CLI-104445,saldo_actual,16571499,True,True,3.368783979572635,-5063882.375,10040956.625,2.323554602731708,IQR,Valor extremo severo; validar con la fuente original.
4466,CLI-104466,saldo_actual,18186731,True,True,3.7763651881554203,-5063882.375,10040956.625,2.323554602731708,IQR,Valor extremo severo; validar con la fuente original.
4485,CLI-104485,saldo_actual,13902143,True,False,2.69520931994621,-5063882.375,10040956.625,2.323554602731708,IQR,Posible valor extremo real debido a la distribución asimétrica; validar antes de eliminar.
4511,CLI-104511,saldo_actual,10696883,True,False,1.886406779740185,-5063882.375,10040956.625,2.323554602731708,IQR,Posible valor extremo real debido a la distribución asimétrica; validar antes de eliminar.
4516,CLI-104516,saldo_actual,14497690,True,False,2.8454872775571616,-5063882.375,10040956.625,2.323554602731708,IQR,Posible valor extremo real debido a la distribución asimétrica; validar antes de eliminar.
4517,CLI-104517,saldo_actual,21438986,True,True,4.597026259456265,-5063882.375,10040956.625,2.323554602731708,IQR,Valor extremo severo; validar con la fuente original.
4522,CLI-104522,saldo_actual,19421522,True,True,4.087947430289768,-5063882.375,10040956.625,2.323554602731708,IQR,Valor extremo severo; validar con la fuente original.
4565,CLI-104565,saldo_actual,11144195,True,False,1.999279707947144,-5063882.375,10040956.625,2.323554602731708,IQR,Posible valor extremo real debido a la distribución asimétrica; validar antes de eliminar.
4576,CLI-104576,saldo_actual,16359875,True,True,3.3153836224195303,-5063882.375,10040956.625,2.323554602731708,IQR,Valor extremo severo; validar con la fuente original.
4580,CLI-104580,saldo_actual,12928281,True,False,2.4494688622578726,-5063882.375,10040956.625,2.323554602731708,IQR,Posible valor extremo real debido a la distribución asimétrica; validar antes de eliminar.
4592,CLI-104592,saldo_actual,10601213,True,False,1.8622657930428468,-5063882.375,10040956.625,2.323554602731708,IQR,Posible valor extremo real debido a la distribución asimétrica; validar antes de eliminar.
4593,CLI-104593,saldo_actual,22836754,True,True,4.94973346854966,-5063882.375,10040956.625,2.323554602731708,IQR,Valor extremo severo; validar con la fuente original.
4603,CLI-104603,saldo_actual,13818256,True,False,2.6740416085311414,-5063882.375,10040956.625,2.323554602731708,IQR,Posible valor extremo real debido a la distribución asimétrica; validar antes de eliminar.
4608,CLI-104608,saldo_actual,11663782,True,False,2.1303902217457216,-5063882.375,10040956.625,2.323554602731708,IQR,Posible valor extremo real debido a la distribución asimétrica; validar antes de eliminar.
4621,CLI-104621,saldo_actual,20649637,True,True,4.3978450771780455,-5063882.375,10040956.625,2.323554602731708,IQR,Valor extremo severo; validar con la fuente original.
4649,CLI-104649,saldo_actual,10725325,True,False,1.8935837207211164,-5063882.375,10040956.625,2.323554602731708,IQR,Posible valor extremo real debido a la distribución asimétrica; validar antes de eliminar.
4656,CLI-104656,saldo_actual,22448089,True,True,4.8516592907016305,-5063882.375,10040956.625,2.323554602731708,IQR,Valor extremo severo; validar con la fuente original.
4671,CLI-104671,saldo_actual,11057008,True,False,1.9772792876776675,-5063882.375,10040956.625,2.323554602731708,IQR,Posible valor extremo real debido a la distribución asimétrica; validar antes de eliminar.
4680,CLI-104680,saldo_actual,11881160,True,False,2.185242520337694,-5063882.375,10040956.625,2.323554602731708,IQR,Posible valor extremo real debido a la distribución asimétrica; validar antes de eliminar.
4691,CLI-104691,saldo_actual,12937282,True,False,2.451740138742275,-5063882.375,10040956.625,2.323554602731708,IQR,Posible valor extremo real debido a la distribución asimétrica; validar antes de eliminar.
4697,CLI-104697,saldo_actual,20296346,True,True,4.308697033577237,-5063882.375,10040956.625,2.323554602731708,IQR,Valor extremo severo; validar con la fuente original.
4705,CLI-104705,saldo_actual,15972416,True,True,3.217613761807385,-5063882.375,10040956.625,2.323554602731708,IQR,Valor extremo severo; validar con la fuente original.
4707,CLI-104707,saldo_actual,12379249,True,False,2.3109283144538275,-5063882.375,10040956.625,2.323554602731708,IQR,Posible valor extremo real debido a la distribución asimétrica; validar antes de eliminar.
4734,CLI-104734,saldo_actual,16027471,True,True,3.231506121195092,-5063882.375,10040956.625,2.323554602731708,IQR,Valor extremo severo; validar con la fuente original.
4742,CLI-104742,saldo_actual,13224180,True,False,2.524134837200443,-5063882.375,10040956.625,2.323554602731708,IQR,Posible valor extremo real debido a la distribución asimétrica; validar antes de eliminar.
4756,CLI-104756,saldo_actual,13347081,True,False,2.5551471859627464,-5063882.375,10040956.625,2.323554602731708,IQR,Posible valor extremo real debido a la distribución asimétrica; validar antes de eliminar.
4764,CLI-104764,saldo_actual,10918567,True,False,1.9423456372191517,-5063882.375,10040956.625,2.323554602731708,IQR,Posible valor extremo real debido a la distribución asimétrica; validar antes de eliminar.
4801,CLI-104801,saldo_actual,13562923,True,False,2.6096118964333943,-5063882.375,10040956.625,2.323554602731708,IQR,Posible valor extremo real debido a la distribución asimétrica; validar antes de eliminar.
4802,CLI-104802,saldo_actual,12569671,True,False,2.3589786433853686,-5063882.375,10040956.625,2.323554602731708,IQR,Posible valor extremo real debido a la distribución asimétrica; validar antes de eliminar.
4838,CLI-104838,saldo_actual,15317028,True,True,3.052235764633818,-5063882.375,10040956.625,2.323554602731708,IQR,Valor extremo severo; validar con la fuente original.
4839,CLI-104839,saldo_actual,15579578,True,True,3.118486585762554,-5063882.375,10040956.625,2.323554602731708,IQR,Valor extremo severo; validar con la fuente original.
4840,CLI-104840,saldo_actual,11163708,True,False,2.0042035406368606,-5063882.375,10040956.625,2.323554602731708,IQR,Posible valor extremo real debido a la distribución asimétrica; validar antes de eliminar.
4864,CLI-104864,saldo_actual,12276606,True,False,2.2850277887135233,-5063882.375,10040956.625,2.323554602731708,IQR,Posible valor extremo real debido a la distribución asimétrica; validar antes de eliminar.
4867,CLI-104867,saldo_actual,14110529,True,False,2.747792613077929,-5063882.375,10040956.625,2.323554602731708,IQR,Posible valor extremo real debido a la distribución asimétrica; validar antes de eliminar.
4886,CLI-104886,saldo_actual,12111597,True,False,2.2433900749689735,-5063882.375,10040956.625,2.323554602731708,IQR,Posible valor extremo real debido a la distribución asimétrica; validar antes de eliminar.
4899,CLI-104899,saldo_actual,12330157,True,False,2.2985406347324338,-5063882.375,10040956.625,2.323554602731708,IQR,Posible valor extremo real debido a la distribución asimétrica; validar antes de eliminar.
4902,CLI-104902,saldo_actual,11423740,True,False,2.0698189796760813,-5063882.375,10040956.625,2.323554602731708,IQR,Posible valor extremo real debido a la distribución asimétrica; validar antes de eliminar.
4906,CLI-104906,saldo_actual,12677426,True,False,2.386169110841956,-5063882.375,10040956.625,2.323554602731708,IQR,Posible valor extremo real debido a la distribución asimétrica; validar antes de eliminar.
4928,CLI-104928,saldo_actual,13558028,True,False,2.608376711632689,-5063882.375,10040956.625,2.323554602731708,IQR,Posible valor extremo real debido a la distribución asimétrica; validar antes de eliminar.
4952,CLI-104952,saldo_actual,10282729,True,False,1.7819008091679112,-5063882.375,10040956.625,2.323554602731708,IQR,Posible valor extremo real debido a la distribución asimétrica; validar antes de eliminar.
4988,CLI-104988,saldo_actual,12672120,True,False,2.384830215938474,-5063882.375,10040956.625,2.323554602731708,IQR,Posible valor extremo real debido a la distribución asimétrica; validar antes de eliminar.
4991,CLI-104991,saldo_actual,10840202,True,False,1.9225713252871257,-5063882.375,10040956.625,2.323554602731708,IQR,Posible valor extremo real debido a la distribución asimétrica; validar antes de eliminar.
4998,CLI-104998,saldo_actual,15289324,True,True,3.0452450476330544,-5063882.375,10040956.625,2.323554602731708,IQR,Valor extremo severo; validar con la fuente original.
5087,CLI-105087,saldo_actual,21067133,True,True,4.50319435471742,-5063882.375,10040956.625,2.323554602731708,IQR,Valor extremo severo; validar con la fuente original.
5096,CLI-105096,saldo_actual,12110976,True,False,2.243233374302735,-5063882.375,10040956.625,2.323554602731708,IQR,Posible valor extremo real debido a la distribución asimétrica; validar antes de eliminar.
5109,CLI-105109,saldo_actual,20206447,True,True,4.286012278031047,-5063882.375,10040956.625,2.323554602731708,IQR,Valor extremo severo; validar con la fuente original.
5115,CLI-105115,saldo_actual,12751578,True,False,2.4048803311365208,-5063882.375,10040956.625,2.323554602731708,IQR,Posible valor extremo real debido a la distribución asimétrica; validar antes de eliminar.
5123,CLI-105123,saldo_actual,12588773,True,False,2.3637987659723088,-5063882.375,10040956.625,2.323554602731708,IQR,Posible valor extremo real debido a la distribución asimétrica; validar antes de eliminar.
5139,CLI-105139,saldo_actual,11519270,True,False,2.0939246393311115,-5063882.375,10040956.625,2.323554602731708,IQR,Posible valor extremo real debido a la distribución asimétrica; validar antes de eliminar.
5158,CLI-105158,saldo_actual,12528425,True,False,2.348570792049334,-5063882.375,10040956.625,2.323554602731708,IQR,Posible valor extremo real debido a la distribución asimétrica; validar antes de eliminar.
5160,CLI-105160,saldo_actual,12468700,True,False,2.3335000234646315,-5063882.375,10040956.625,2.323554602731708,IQR,Posible valor extremo real debido a la distribución asimétrica; validar antes de eliminar.
5177,CLI-105177,saldo_actual,16309478,True,True,3.302666644196621,-5063882.375,10040956.625,2.323554602731708,IQR,Valor extremo severo; validar con la fuente original.
5200,CLI-105200,saldo_actual,15274976,True,True,3.041624530468495,-5063882.375,10040956.625,2.323554602731708,IQR,Valor extremo severo; validar con la fuente original.
5206,CLI-105206,saldo_actual,24770793,True,True,5.437761165540706,-5063882.375,10040956.625,2.323554602731708,IQR,Valor extremo severo; validar con la fuente original.
5210,CLI-105210,saldo_actual,12492620,True,False,2.339535900979007,-5063882.375,10040956.625,2.323554602731708,IQR,Posible valor extremo real debido a la distribución asimétrica; validar antes de eliminar.
5216,CLI-105216,saldo_actual,27242053,True,True,6.0613490696450665,-5063882.375,10040956.625,2.323554602731708,IQR,Valor extremo severo; validar con la fuente original.
5228,CLI-105228,saldo_actual,12189501,True,False,2.2630480599973986,-5063882.375,10040956.625,2.323554602731708,IQR,Posible valor extremo real debido a la distribución asimétrica; validar antes de eliminar.
5231,CLI-105231,saldo_actual,22371230,True,True,4.8322649968104345,-5063882.375,10040956.625,2.323554602731708,IQR,Valor extremo severo; validar con la fuente original.
5247,CLI-105247,saldo_actual,12772168,True,False,2.410075929715994,-5063882.375,10040956.625,2.323554602731708,IQR,Posible valor extremo real debido a la distribución asimétrica; validar antes de eliminar.
5258,CLI-105258,saldo_actual,12415837,True,False,2.320160784625064,-5063882.375,10040956.625,2.323554602731708,IQR,Posible valor extremo real debido a la distribución asimétrica; validar antes de eliminar.
5269,CLI-105269,saldo_actual,11643009,True,False,2.125148445675231,-5063882.375,10040956.625,2.323554602731708,IQR,Posible valor extremo real debido a la distribución asimétrica; validar antes de eliminar.
5277,CLI-105277,saldo_actual,13490335,True,False,2.5912953296686156,-5063882.375,10040956.625,2.323554602731708,IQR,Posible valor extremo real debido a la distribución asimétrica; validar antes de eliminar.
5308,CLI-105308,saldo_actual,13403852,True,False,2.569472553954746,-5063882.375,10040956.625,2.323554602731708,IQR,Posible valor extremo real debido a la distribución asimétrica; validar antes de eliminar.
5323,CLI-105323,saldo_actual,32688503,True,True,7.435684566642223,-5063882.375,10040956.625,2.323554602731708,IQR,Valor extremo severo; validar con la fuente original.
5339,CLI-105339,saldo_actual,10647420,True,False,1.8739254833566745,-5063882.375,10040956.625,2.323554602731708,IQR,Posible valor extremo real debido a la distribución asimétrica; validar antes de eliminar.
5348,CLI-105348,saldo_actual,10481713,True,False,1.8321116390726166,-5063882.375,10040956.625,2.323554602731708,IQR,Posible valor extremo real debido a la distribución asimétrica; validar antes de eliminar.
5368,CLI-105368,saldo_actual,12972794,True,False,2.4607010953597714,-5063882.375,10040956.625,2.323554602731708,IQR,Posible valor extremo real debido a la distribución asimétrica; validar antes de eliminar.
5378,CLI-105378,saldo_actual,16053565,True,True,3.238090577209311,-5063882.375,10040956.625,2.323554602731708,IQR,Valor extremo severo; validar con la fuente original.
5409,CLI-105409,saldo_actual,14996315,True,False,2.9713083237781324,-5063882.375,10040956.625,2.323554602731708,IQR,Posible valor extremo real debido a la distribución asimétrica; validar antes de eliminar.
5437,CLI-105437,saldo_actual,11771103,True,False,2.157471175371153,-5063882.375,10040956.625,2.323554602731708,IQR,Posible valor extremo real debido a la distribución asimétrica; validar antes de eliminar.
5445,CLI-105445,saldo_actual,17038169,True,True,3.486541628386755,-5063882.375,10040956.625,2.323554602731708,IQR,Valor extremo severo; validar con la fuente original.
5466,CLI-105466,saldo_actual,14875635,True,False,2.940856413308447,-5063882.375,10040956.625,2.323554602731708,IQR,Posible valor extremo real debido a la distribución asimétrica; validar antes de eliminar.
5510,CLI-105510,saldo_actual,10863254,True,False,1.9283881751391905,-5063882.375,10040956.625,2.323554602731708,IQR,Posible valor extremo real debido a la distribución asimétrica; validar antes de eliminar.
5515,CLI-105515,saldo_actual,14531524,True,False,2.854024814338992,-5063882.375,10040956.625,2.323554602731708,IQR,Posible valor extremo real debido a la distribución asimétrica; validar antes de eliminar.
5521,CLI-105521,saldo_actual,11456241,True,False,2.0780201525479343,-5063882.375,10040956.625,2.323554602731708,IQR,Posible valor extremo real debido a la distribución asimétrica; validar antes de eliminar.
5524,CLI-105524,saldo_actual,10740766,True,False,1.8974800411516963,-5063882.375,10040956.625,2.323554602731708,IQR,Posible valor extremo real debido a la distribución asimétrica; validar antes de eliminar.
5553,CLI-105553,saldo_actual,10222934,True,False,1.7668123770620543,-5063882.375,10040956.625,2.323554602731708,IQR,Posible valor extremo real debido a la distribución asimétrica; validar antes de eliminar.
5562,CLI-105562,saldo_actual,11594167,True,False,2.1128238499579592,-5063882.375,10040956.625,2.323554602731708,IQR,Posible valor extremo real debido a la distribución asimétrica; validar antes de eliminar.
5579,CLI-105579,saldo_actual,32313103,True,True,7.340957626052897,-5063882.375,10040956.625,2.323554602731708,IQR,Valor extremo severo; validar con la fuente original.
5605,CLI-105605,saldo_actual,13639333,True,False,2.6288928914531877,-5063882.375,10040956.625,2.323554602731708,IQR,Posible valor extremo real debido a la distribución asimétrica; validar antes de eliminar.
5608,CLI-105608,saldo_actual,10241995,True,False,1.7716221538723183,-5063882.375,10040956.625,2.323554602731708,IQR,Posible valor extremo real debido a la distribución asimétrica; validar antes de eliminar.
5632,CLI-105632,saldo_actual,30742261,True,True,6.944577613241982,-5063882.375,10040956.625,2.323554602731708,IQR,Valor extremo severo; validar con la fuente original.
5644,CLI-105644,saldo_actual,17218772,True,True,3.5321142699724075,-5063882.375,10040956.625,2.323554602731708,IQR,Valor extremo severo; validar con la fuente original.
5664,CLI-105664,saldo_actual,10476855,True,False,1.8308857907045213,-5063882.375,10040956.625,2.323554602731708,IQR,Posible valor extremo real debido a la distribución asimétrica; validar antes de eliminar.
5670,CLI-105670,saldo_actual,18700354,True,True,3.9059707699516677,-5063882.375,10040956.625,2.323554602731708,IQR,Valor extremo severo; validar con la fuente original.
5671,CLI-105671,saldo_actual,13899112,True,False,2.694444489480237,-5063882.375,10040956.625,2.323554602731708,IQR,Posible valor extremo real debido a la distribución asimétrica; validar antes de eliminar.
5733,CLI-105733,saldo_actual,13392588,True,False,2.5666302410650332,-5063882.375,10040956.625,2.323554602731708,IQR,Posible valor extremo real debido a la distribución asimétrica; validar antes de eliminar.
5769,CLI-105769,saldo_actual,24692628,True,True,5.418037320811978,-5063882.375,10040956.625,2.323554602731708,IQR,Valor extremo severo; validar con la fuente original.
5783,CLI-105783,saldo_actual,14066706,True,False,2.7367344918274066,-5063882.375,10040956.625,2.323554602731708,IQR,Posible valor extremo real debido a la distribución asimétrica; validar antes de eliminar.
5792,CLI-105792,saldo_actual,12438567,True,False,2.32589638227982,-5063882.375,10040956.625,2.323554602731708,IQR,Posible valor extremo real debido a la distribución asimétrica; validar antes de eliminar.
5818,CLI-105818,saldo_actual,12254078,True,False,2.279343162934098,-5063882.375,10040956.625,2.323554602731708,IQR,Posible valor extremo real debido a la distribución asimétrica; validar antes de eliminar.
5851,CLI-105851,saldo_actual,12408380,True,False,2.3182791149501183,-5063882.375,10040956.625,2.323554602731708,IQR,Posible valor extremo real debido a la distribución asimétrica; validar antes de eliminar.
5855,CLI-105855,saldo_actual,26270732,True,True,5.816249797774623,-5063882.375,10040956.625,2.323554602731708,IQR,Valor extremo severo; validar con la fuente original.
5862,CLI-105862,saldo_actual,11113595,True,False,1.9915582258426332,-5063882.375,10040956.625,2.323554602731708,IQR,Posible valor extremo real debido a la distribución asimétrica; validar antes de eliminar.
5876,CLI-105876,saldo_actual,10610906,True,False,1.864711686050658,-5063882.375,10040956.625,2.323554602731708,IQR,Posible valor extremo real debido a la distribución asimétrica; validar antes de eliminar.
5901,CLI-105901,saldo_actual,12069686,True,False,2.232814420181975,-5063882.375,10040956.625,2.323554602731708,IQR,Posible valor extremo real debido a la distribución asimétrica; validar antes de eliminar.
5913,CLI-105913,saldo_actual,10860952,True,False,1.9278072976292369,-5063882.375,10040956.625,2.323554602731708,IQR,Posible valor extremo real debido a la distribución asimétrica; validar antes de eliminar.
5917,CLI-105917,saldo_actual,13009717,True,False,2.470018098096531,-5063882.375,10040956.625,2.323554602731708,IQR,Posible valor extremo real debido a la distribución asimétrica; validar antes de eliminar.
5940,CLI-105940,saldo_actual,11946286,True,False,2.2016761557474442,-5063882.375,10040956.625,2.323554602731708,IQR,Posible valor extremo real debido a la distribución asimétrica; validar antes de eliminar.
5941,CLI-105941,saldo_actual,13873831,True,False,2.6880651826474224,-5063882.375,10040956.625,2.323554602731708,IQR,Posible valor extremo real debido a la distribución asimétrica; validar antes de eliminar.
5943,CLI-105943,saldo_actual,14907133,True,False,2.9488044931557638,-5063882.375,10040956.625,2.323554602731708,IQR,Posible valor extremo real debido a la distribución asimétrica; validar antes de eliminar.
5969,CLI-105969,saldo_actual,15681943,True,True,3.1443169620902744,-5063882.375,10040956.625,2.323554602731708,IQR,Valor extremo severo; validar con la fuente original.
5976,CLI-105976,saldo_actual,10180452,True,False,1.7560926384096416,-5063882.375,10040956.625,2.323554602731708,IQR,Posible valor extremo real debido a la distribución asimétrica; validar antes de eliminar.
5982,CLI-105982,saldo_actual,11925311,True,False,2.1963834078016236,-5063882.375,10040956.625,2.323554602731708,IQR,Posible valor extremo real debido a la distribución asimétrica; validar antes de eliminar.
5986,CLI-105986,saldo_actual,12425314,True,False,2.3225521730533143,-5063882.375,10040956.625,2.323554602731708,IQR,Posible valor extremo real debido a la distribución asimétrica; validar antes de eliminar.
5996,CLI-105996,saldo_actual,10930694,True,False,1.945405716091093,-5063882.375,10040956.625,2.323554602731708,IQR,Posible valor extremo real debido a la distribución asimétrica; validar antes de eliminar.
6006,CLI-106006,saldo_actual,28761254,True,True,6.444698198228561,-5063882.375,10040956.625,2.323554602731708,IQR,Valor extremo severo; validar con la fuente original.
6010,CLI-106010,saldo_actual,14803875,True,False,2.92274878076532,-5063882.375,10040956.625,2.323554602731708,IQR,Posible valor extremo real debido a la distribución asimétrica; validar antes de eliminar.
6031,CLI-106031,saldo_actual,30702861,True,True,6.9346355741923835,-5063882.375,10040956.625,2.323554602731708,IQR,Valor extremo severo; validar con la fuente original.
6034,CLI-106034,saldo_actual,10263064,True,False,1.7769386214036889,-5063882.375,10040956.625,2.323554602731708,IQR,Posible valor extremo real debido a la distribución asimétrica; validar antes de eliminar.
6048,CLI-106048,saldo_actual,22606553,True,True,4.8916454652182715,-5063882.375,10040956.625,2.323554602731708,IQR,Valor extremo severo; validar con la fuente original.
6052,CLI-106052,saldo_actual,15230594,True,True,3.0304253533847563,-5063882.375,10040956.625,2.323554602731708,IQR,Valor extremo severo; validar con la fuente original.
6068,CLI-106068,saldo_actual,25722394,True,True,5.67788437116602,-5063882.375,10040956.625,2.323554602731708,IQR,Valor extremo severo; validar con la fuente original.
6090,CLI-106090,saldo_actual,11651400,True,False,2.1272657971895756,-5063882.375,10040956.625,2.323554602731708,IQR,Posible valor extremo real debido a la distribución asimétrica; validar antes de eliminar.
6107,CLI-106107,saldo_actual,13204798,True,False,2.5192440605288864,-5063882.375,10040956.625,2.323554602731708,IQR,Posible valor extremo real debido a la distribución asimétrica; validar antes de eliminar.
6165,CLI-106165,saldo_actual,24032845,True,True,5.2515503068459495,-5063882.375,10040956.625,2.323554602731708,IQR,Valor extremo severo; validar con la fuente original.
6175,CLI-106175,saldo_actual,13213238,True,False,2.5213737765080393,-5063882.375,10040956.625,2.323554602731708,IQR,Posible valor extremo real debido a la distribución asimétrica; validar antes de eliminar.
6198,CLI-106198,saldo_actual,20799562,True,True,4.435676554449901,-5063882.375,10040956.625,2.323554602731708,IQR,Valor extremo severo; validar con la fuente original.
6204,CLI-106204,saldo_actual,16756888,True,True,3.4155643013331956,-5063882.375,10040956.625,2.323554602731708,IQR,Valor extremo severo; validar con la fuente original.
6210,CLI-106210,saldo_actual,10179129,True,False,1.7557587978598288,-5063882.375,10040956.625,2.323554602731708,IQR,Posible valor extremo real debido a la distribución asimétrica; validar antes de eliminar.
6213,CLI-106213,saldo_actual,12447581,True,False,2.3281709391324363,-5063882.375,10040956.625,2.323554602731708,IQR,Posible valor extremo real debido a la distribución asimétrica; validar antes de eliminar.
6220,CLI-106220,saldo_actual,12081654,True,False,2.235834377627295,-5063882.375,10040956.625,2.323554602731708,IQR,Posible valor extremo real debido a la distribución asimétrica; validar antes de eliminar.
6234,CLI-106234,saldo_actual,11905565,True,False,2.1914007808200657,-5063882.375,10040956.625,2.323554602731708,IQR,Posible valor extremo real debido a la distribución asimétrica; validar antes de eliminar.
6243,CLI-106243,saldo_actual,10926753,True,False,1.9444112598501164,-5063882.375,10040956.625,2.323554602731708,IQR,Posible valor extremo real debido a la distribución asimétrica; validar antes de eliminar.
6246,CLI-106246,saldo_actual,11178748,True,False,2.007998674324829,-5063882.375,10040956.625,2.323554602731708,IQR,Posible valor extremo real debido a la distribución asimétrica; validar antes de eliminar.
6261,CLI-106261,saldo_actual,29957456,True,True,6.746543045822681,-5063882.375,10040956.625,2.323554602731708,IQR,Valor extremo severo; validar con la fuente original.
6265,CLI-106265,saldo_actual,18790835,True,True,3.9288023850594533,-5063882.375,10040956.625,2.323554602731708,IQR,Valor extremo severo; validar con la fuente original.
6271,CLI-106271,saldo_actual,10382392,True,False,1.8070493735790831,-5063882.375,10040956.625,2.323554602731708,IQR,Posible valor extremo real debido a la distribución asimétrica; validar antes de eliminar.
6273,CLI-106273,saldo_actual,20795045,True,True,4.434536752663428,-5063882.375,10040956.625,2.323554602731708,IQR,Valor extremo severo; validar con la fuente original.
6280,CLI-106280,saldo_actual,22743906,True,True,4.926304574090849,-5063882.375,10040956.625,2.323554602731708,IQR,Valor extremo severo; validar con la fuente original.
6294,CLI-106294,saldo_actual,10852555,True,False,1.9256884320987933,-5063882.375,10040956.625,2.323554602731708,IQR,Posible valor extremo real debido a la distribución asimétrica; validar antes de eliminar.
6299,CLI-106299,saldo_actual,16963670,True,True,3.4677428474944687,-5063882.375,10040956.625,2.323554602731708,IQR,Valor extremo severo; validar con la fuente original.
6316,CLI-106316,saldo_actual,10149290,True,False,1.748229343463865,-5063882.375,10040956.625,2.323554602731708,IQR,Posible valor extremo real debido a la distribución asimétrica; validar antes de eliminar.
6320,CLI-106320,saldo_actual,15716967,True,True,3.153154778731725,-5063882.375,10040956.625,2.323554602731708,IQR,Valor extremo severo; validar con la fuente original.
6324,CLI-106324,saldo_actual,11631010,True,False,2.1221206658134,-5063882.375,10040956.625,2.323554602731708,IQR,Posible valor extremo real debido a la distribución asimétrica; validar antes de eliminar.
6334,CLI-106334,saldo_actual,13150634,True,False,2.5055765325318693,-5063882.375,10040956.625,2.323554602731708,IQR,Posible valor extremo real debido a la distribución asimétrica; validar antes de eliminar.
6350,CLI-106350,saldo_actual,12639733,True,False,2.376657809372501,-5063882.375,10040956.625,2.323554602731708,IQR,Posible valor extremo real debido a la distribución asimétrica; validar antes de eliminar.
6355,CLI-106355,saldo_actual,16182478,True,True,3.2706199701027363,-5063882.375,10040956.625,2.323554602731708,IQR,Valor extremo severo; validar con la fuente original.
6375,CLI-106375,saldo_actual,10359453,True,False,1.8012610376968814,-5063882.375,10040956.625,2.323554602731708,IQR,Posible valor extremo real debido a la distribución asimétrica; validar antes de eliminar.
6376,CLI-106376,saldo_actual,13582360,True,False,2.6145165515858575,-5063882.375,10040956.625,2.323554602731708,IQR,Posible valor extremo real debido a la distribución asimétrica; validar antes de eliminar.
6386,CLI-106386,saldo_actual,12020627,True,False,2.2204350675491256,-5063882.375,10040956.625,2.323554602731708,IQR,Posible valor extremo real debido a la distribución asimétrica; validar antes de eliminar.
6400,CLI-106400,saldo_actual,11074840,True,False,1.9817789435236686,-5063882.375,10040956.625,2.323554602731708,IQR,Posible valor extremo real debido a la distribución asimétrica; validar antes de eliminar.
6430,CLI-106430,saldo_actual,11647115,True,False,2.126184537358928,-5063882.375,10040956.625,2.323554602731708,IQR,Posible valor extremo real debido a la distribución asimétrica; validar antes de eliminar.
6437,CLI-106437,saldo_actual,21184482,True,True,4.532805733916185,-5063882.375,10040956.625,2.323554602731708,IQR,Valor extremo severo; validar con la fuente original.
6446,CLI-106446,saldo_actual,10681049,True,False,1.8824112912551254,-5063882.375,10040956.625,2.323554602731708,IQR,Posible valor extremo real debido a la distribución asimétrica; validar antes de eliminar.
6447,CLI-106447,saldo_actual,12012184,True,False,2.2183045945619235,-5063882.375,10040956.625,2.323554602731708,IQR,Posible valor extremo real debido a la distribución asimétrica; validar antes de eliminar.
6461,CLI-106461,saldo_actual,13283422,True,False,2.5390837274891824,-5063882.375,10040956.625,2.323554602731708,IQR,Posible valor extremo real debido a la distribución asimétrica; validar antes de eliminar.
6466,CLI-106466,saldo_actual,10179695,True,False,1.7559016200451607,-5063882.375,10040956.625,2.323554602731708,IQR,Posible valor extremo real debido a la distribución asimétrica; validar antes de eliminar.
6481,CLI-106481,saldo_actual,10908359,True,False,1.9397697911628495,-5063882.375,10040956.625,2.323554602731708,IQR,Posible valor extremo real debido a la distribución asimétrica; validar antes de eliminar.
6487,CLI-106487,saldo_actual,14852959,True,False,2.9351344417985814,-5063882.375,10040956.625,2.323554602731708,IQR,Posible valor extremo real debido a la distribución asimétrica; validar antes de eliminar.
6506,CLI-106506,saldo_actual,19949182,True,True,4.221095052749447,-5063882.375,10040956.625,2.323554602731708,IQR,Valor extremo severo; validar con la fuente original.
6514,CLI-106514,saldo_actual,13002558,True,False,2.4682116245544985,-5063882.375,10040956.625,2.323554602731708,IQR,Posible valor extremo real debido a la distribución asimétrica; validar antes de eliminar.
6549,CLI-106549,saldo_actual,13711749,True,False,2.6471660564231305,-5063882.375,10040956.625,2.323554602731708,IQR,Posible valor extremo real debido a la distribución asimétrica; validar antes de eliminar.
6550,CLI-106550,saldo_actual,14894999,True,False,2.945742647931707,-5063882.375,10040956.625,2.323554602731708,IQR,Posible valor extremo real debido a la distribución asimétrica; validar antes de eliminar.
6563,CLI-106563,saldo_actual,21481219,True,True,4.607683166440572,-5063882.375,10040956.625,2.323554602731708,IQR,Valor extremo severo; validar con la fuente original.
6612,CLI-106612,saldo_actual,12119444,True,False,2.2453701556903494,-5063882.375,10040956.625,2.323554602731708,IQR,Posible valor extremo real debido a la distribución asimétrica; validar antes de eliminar.
6613,CLI-106613,saldo_actual,14646941,True,False,2.8831486803539046,-5063882.375,10040956.625,2.323554602731708,IQR,Posible valor extremo real debido a la distribución asimétrica; validar antes de eliminar.
6638,CLI-106638,saldo_actual,17823517,True,True,3.6847132142630086,-5063882.375,10040956.625,2.323554602731708,IQR,Valor extremo severo; validar con la fuente original.
6653,CLI-106653,saldo_actual,13227953,True,False,2.5250869009906496,-5063882.375,10040956.625,2.323554602731708,IQR,Posible valor extremo real debido a la distribución asimétrica; validar antes de eliminar.
6660,CLI-106660,saldo_actual,19249309,True,True,4.044491887882443,-5063882.375,10040956.625,2.323554602731708,IQR,Valor extremo severo; validar con la fuente original.
6669,CLI-106669,saldo_actual,18596020,True,True,3.8796435440074832,-5063882.375,10040956.625,2.323554602731708,IQR,Valor extremo severo; validar con la fuente original.
6677,CLI-106677,saldo_actual,24235254,True,True,5.302625387607123,-5063882.375,10040956.625,2.323554602731708,IQR,Valor extremo severo; validar con la fuente original.
6700,CLI-106700,saldo_actual,15082977,True,False,2.9931762676389533,-5063882.375,10040956.625,2.323554602731708,IQR,Posible valor extremo real debido a la distribución asimétrica; validar antes de eliminar.
6701,CLI-106701,saldo_actual,12670946,True,False,2.384533973455118,-5063882.375,10040956.625,2.323554602731708,IQR,Posible valor extremo real debido a la distribución asimétrica; validar antes de eliminar.
6720,CLI-106720,saldo_actual,16769088,True,True,3.4186428007343403,-5063882.375,10040956.625,2.323554602731708,IQR,Valor extremo severo; validar con la fuente original.
6745,CLI-106745,saldo_actual,10622346,True,False,1.8675984100792724,-5063882.375,10040956.625,2.323554602731708,IQR,Posible valor extremo real debido a la distribución asimétrica; validar antes de eliminar.
6747,CLI-106747,saldo_actual,11331450,True,False,2.04653088871447,-5063882.375,10040956.625,2.323554602731708,IQR,Posible valor extremo real debido a la distribución asimétrica; validar antes de eliminar.
6753,CLI-106753,saldo_actual,10943076,True,False,1.9485301406472384,-5063882.375,10040956.625,2.323554602731708,IQR,Posible valor extremo real debido a la distribución asimétrica; validar antes de eliminar.
6766,CLI-106766,saldo_actual,18185012,True,True,3.7759314225430787,-5063882.375,10040956.625,2.323554602731708,IQR,Valor extremo severo; validar con la fuente original.
6777,CLI-106777,saldo_actual,11239234,True,False,2.023261470618079,-5063882.375,10040956.625,2.323554602731708,IQR,Posible valor extremo real debido a la distribución asimétrica; validar antes de eliminar.
6778,CLI-106778,saldo_actual,12696676,True,False,2.391026579159336,-5063882.375,10040956.625,2.323554602731708,IQR,Posible valor extremo real debido a la distribución asimétrica; validar antes de eliminar.
6795,CLI-106795,saldo_actual,11358770,True,False,2.0534247086849025,-5063882.375,10040956.625,2.323554602731708,IQR,Posible valor extremo real debido a la distribución asimétrica; validar antes de eliminar.
6809,CLI-106809,saldo_actual,12549925,True,False,2.3539960164038107,-5063882.375,10040956.625,2.323554602731708,IQR,Posible valor extremo real debido a la distribución asimétrica; validar antes de eliminar.
6827,CLI-106827,saldo_actual,10084735,True,False,1.7319397919195283,-5063882.375,10040956.625,2.323554602731708,IQR,Posible valor extremo real debido a la distribución asimétrica; validar antes de eliminar.
6846,CLI-106846,saldo_actual,17447792,True,True,3.589904264468325,-5063882.375,10040956.625,2.323554602731708,IQR,Valor extremo severo; validar con la fuente original.
6866,CLI-106866,saldo_actual,13304766,True,False,2.544469587425087,-5063882.375,10040956.625,2.323554602731708,IQR,Posible valor extremo real debido a la distribución asimétrica; validar antes de eliminar.
6872,CLI-106872,saldo_actual,10104751,True,False,1.7369905496255378,-5063882.375,10040956.625,2.323554602731708,IQR,Posible valor extremo real debido a la distribución asimétrica; validar antes de eliminar.
6891,CLI-106891,saldo_actual,17208048,True,True,3.529408218531598,-5063882.375,10040956.625,2.323554602731708,IQR,Valor extremo severo; validar con la fuente original.
6902,CLI-106902,saldo_actual,10443442,True,False,1.8224544873856319,-5063882.375,10040956.625,2.323554602731708,IQR,Posible valor extremo real debido a la distribución asimétrica; validar antes de eliminar.
6928,CLI-106928,saldo_actual,11325195,True,False,2.044952526931342,-5063882.375,10040956.625,2.323554602731708,IQR,Posible valor extremo real debido a la distribución asimétrica; validar antes de eliminar.
6930,CLI-106930,saldo_actual,17776325,True,True,3.672804972972941,-5063882.375,10040956.625,2.323554602731708,IQR,Valor extremo severo; validar con la fuente original.
6936,CLI-106936,saldo_actual,20388494,True,True,4.331949292824507,-5063882.375,10040956.625,2.323554602731708,IQR,Valor extremo severo; validar con la fuente original.
6958,CLI-106958,saldo_actual,12549508,True,False,2.3538907922849357,-5063882.375,10040956.625,2.323554602731708,IQR,Posible valor extremo real debido a la distribución asimétrica; validar antes de eliminar.
6970,CLI-106970,saldo_actual,13408447,True,False,2.570632037950505,-5063882.375,10040956.625,2.323554602731708,IQR,Posible valor extremo real debido a la distribución asimétrica; validar antes de eliminar.
6971,CLI-106971,saldo_actual,10842344,True,False,1.9231118290344416,-5063882.375,10040956.625,2.323554602731708,IQR,Posible valor extremo real debido a la distribución asimétrica; validar antes de eliminar.
6987,CLI-106987,saldo_actual,11293036,True,False,2.0368376529771277,-5063882.375,10040956.625,2.323554602731708,IQR,Posible valor extremo real debido a la distribución asimétrica; validar antes de eliminar.
6997,CLI-106997,saldo_actual,11158982,True,False,2.0030110006229416,-5063882.375,10040956.625,2.323554602731708,IQR,Posible valor extremo real debido a la distribución asimétrica; validar antes de eliminar.
7020,CLI-107020,saldo_actual,14437993,True,False,2.8304235743809203,-5063882.375,10040956.625,2.323554602731708,IQR,Posible valor extremo real debido a la distribución asimétrica; validar antes de eliminar.
7034,CLI-107034,saldo_actual,14546577,True,False,2.857823228395175,-5063882.375,10040956.625,2.323554602731708,IQR,Posible valor extremo real debido a la distribución asimétrica; validar antes de eliminar.
7049,CLI-107049,saldo_actual,11931729,True,False,2.198002900355439,-5063882.375,10040956.625,2.323554602731708,IQR,Posible valor extremo real debido a la distribución asimétrica; validar antes de eliminar.
7095,CLI-107095,saldo_actual,19115436,True,True,4.010710908347241,-5063882.375,10040956.625,2.323554602731708,IQR,Valor extremo severo; validar con la fuente original.
7099,CLI-107099,saldo_actual,12569045,True,False,2.3588206810390475,-5063882.375,10040956.625,2.323554602731708,IQR,Posible valor extremo real debido a la distribución asimétrica; validar antes de eliminar.
7131,CLI-107131,saldo_actual,16655068,True,True,3.3898714481344605,-5063882.375,10040956.625,2.323554602731708,IQR,Valor extremo severo; validar con la fuente original.
7146,CLI-107146,saldo_actual,12238904,True,False,2.27551421621992,-5063882.375,10040956.625,2.323554602731708,IQR,Posible valor extremo real debido a la distribución asimétrica; validar antes de eliminar.
7163,CLI-107163,saldo_actual,16262273,True,True,3.290755122538339,-5063882.375,10040956.625,2.323554602731708,IQR,Valor extremo severo; validar con la fuente original.
7165,CLI-107165,saldo_actual,16725566,True,True,3.407660632624781,-5063882.375,10040956.625,2.323554602731708,IQR,Valor extremo severo; validar con la fuente original.
7180,CLI-107180,saldo_actual,13570846,True,False,2.611611154692023,-5063882.375,10040956.625,2.323554602731708,IQR,Posible valor extremo real debido a la distribución asimétrica; validar antes de eliminar.
7257,CLI-107257,saldo_actual,10985758,True,False,1.9593003465029486,-5063882.375,10040956.625,2.323554602731708,IQR,Posible valor extremo real debido a la distribución asimétrica; validar antes de eliminar.
7287,CLI-107287,saldo_actual,11529310,True,False,2.0964580929366434,-5063882.375,10040956.625,2.323554602731708,IQR,Posible valor extremo real debido a la distribución asimétrica; validar antes de eliminar.
7292,CLI-107292,saldo_actual,11068990,True,False,1.980302777827218,-5063882.375,10040956.625,2.323554602731708,IQR,Posible valor extremo real debido a la distribución asimétrica; validar antes de eliminar.
7320,CLI-107320,saldo_actual,11298324,True,False,2.0381720058323123,-5063882.375,10040956.625,2.323554602731708,IQR,Posible valor extremo real debido a la distribución asimétrica; validar antes de eliminar.
7336,CLI-107336,saldo_actual,11011284,True,False,1.9657414756598028,-5063882.375,10040956.625,2.323554602731708,IQR,Posible valor extremo real debido a la distribución asimétrica; validar antes de eliminar.
7345,CLI-107345,saldo_actual,14494817,True,False,2.8447623161817934,-5063882.375,10040956.625,2.323554602731708,IQR,Posible valor extremo real debido a la distribución asimétrica; validar antes de eliminar.
7351,CLI-107351,saldo_actual,13052999,True,False,2.480939705562134,-5063882.375,10040956.625,2.323554602731708,IQR,Posible valor extremo real debido a la distribución asimétrica; validar antes de eliminar.
7358,CLI-107358,saldo_actual,13625942,True,False,2.6255138598564063,-5063882.375,10040956.625,2.323554602731708,IQR,Posible valor extremo real debido a la distribución asimétrica; validar antes de eliminar.
7383,CLI-107383,saldo_actual,14511482,True,False,2.848967495896554,-5063882.375,10040956.625,2.323554602731708,IQR,Posible valor extremo real debido a la distribución asimétrica; validar antes de eliminar.
7396,CLI-107396,saldo_actual,17024896,True,True,3.483192372439919,-5063882.375,10040956.625,2.323554602731708,IQR,Valor extremo severo; validar con la fuente original.
7397,CLI-107397,saldo_actual,10739750,True,False,1.8972236677589454,-5063882.375,10040956.625,2.323554602731708,IQR,Posible valor extremo real debido a la distribución asimétrica; validar antes de eliminar.
7401,CLI-107401,saldo_actual,12708178,True,False,2.3939289480209727,-5063882.375,10040956.625,2.323554602731708,IQR,Posible valor extremo real debido a la distribución asimétrica; validar antes de eliminar.
7430,CLI-107430,saldo_actual,14156768,True,False,2.759460378144284,-5063882.375,10040956.625,2.323554602731708,IQR,Posible valor extremo real debido a la distribución asimétrica; validar antes de eliminar.
7439,CLI-107439,saldo_actual,19142492,True,True,4.017538111609321,-5063882.375,10040956.625,2.323554602731708,IQR,Valor extremo severo; validar con la fuente original.
7445,CLI-107445,saldo_actual,11989172,True,False,2.212497838150518,-5063882.375,10040956.625,2.323554602731708,IQR,Posible valor extremo real debido a la distribución asimétrica; validar antes de eliminar.
7446,CLI-107446,saldo_actual,11593648,True,False,2.1126928875654025,-5063882.375,10040956.625,2.323554602731708,IQR,Posible valor extremo real debido a la distribución asimétrica; validar antes de eliminar.
7463,CLI-107463,saldo_actual,10886977,True,False,1.9343743424583184,-5063882.375,10040956.625,2.323554602731708,IQR,Posible valor extremo real debido a la distribución asimétrica; validar antes de eliminar.
7472,CLI-107472,saldo_actual,13858846,True,False,2.6842839274403603,-5063882.375,10040956.625,2.323554602731708,IQR,Posible valor extremo real debido a la distribución asimétrica; validar antes de eliminar.
7473,CLI-107473,saldo_actual,14730439,True,False,2.9042182330585598,-5063882.375,10040956.625,2.323554602731708,IQR,Posible valor extremo real debido a la distribución asimétrica; validar antes de eliminar.
7491,CLI-107491,saldo_actual,10327347,True,False,1.7931595375515408,-5063882.375,10040956.625,2.323554602731708,IQR,Posible valor extremo real debido a la distribución asimétrica; validar antes de eliminar.
7503,CLI-107503,saldo_actual,12706744,True,False,2.39356709817333,-5063882.375,10040956.625,2.323554602731708,IQR,Posible valor extremo real debido a la distribución asimétrica; validar antes de eliminar.
7513,CLI-107513,saldo_actual,13826656,True,False,2.6761612310696345,-5063882.375,10040956.625,2.323554602731708,IQR,Posible valor extremo real debido a la distribución asimétrica; validar antes de eliminar.
7529,CLI-107529,saldo_actual,13473450,True,False,2.5870346360302277,-5063882.375,10040956.625,2.323554602731708,IQR,Posible valor extremo real debido a la distribución asimétrica; validar antes de eliminar.
7540,CLI-107540,saldo_actual,13074347,True,False,2.486326574842104,-5063882.375,10040956.625,2.323554602731708,IQR,Posible valor extremo real debido a la distribución asimétrica; validar antes de eliminar.
7559,CLI-107559,saldo_actual,13397153,True,False,2.5677821549802977,-5063882.375,10040956.625,2.323554602731708,IQR,Posible valor extremo real debido a la distribución asimétrica; validar antes de eliminar.
7581,CLI-107581,saldo_actual,22096163,True,True,4.762855685763327,-5063882.375,10040956.625,2.323554602731708,IQR,Valor extremo severo; validar con la fuente original.
7592,CLI-107592,saldo_actual,20183835,True,True,4.280306456026237,-5063882.375,10040956.625,2.323554602731708,IQR,Valor extremo severo; validar con la fuente original.
7600,CLI-107600,saldo_actual,12404377,True,False,2.31726901387612,-5063882.375,10040956.625,2.323554602731708,IQR,Posible valor extremo real debido a la distribución asimétrica; validar antes de eliminar.
7602,CLI-107602,saldo_actual,13550691,True,False,2.606525322279722,-5063882.375,10040956.625,2.323554602731708,IQR,Posible valor extremo real debido a la distribución asimétrica; validar antes de eliminar.
7606,CLI-107606,saldo_actual,11611484,True,False,2.1171935527554697,-5063882.375,10040956.625,2.323554602731708,IQR,Posible valor extremo real debido a la distribución asimétrica; validar antes de eliminar.
7615,CLI-107615,saldo_actual,10745298,True,False,1.8986236279784168,-5063882.375,10040956.625,2.323554602731708,IQR,Posible valor extremo real debido a la distribución asimétrica; validar antes de eliminar.
7620,CLI-107620,saldo_actual,18709035,True,True,3.9081612989107937,-5063882.375,10040956.625,2.323554602731708,IQR,Valor extremo severo; validar con la fuente original.
7630,CLI-107630,saldo_actual,16226234,True,True,3.2816611848401536,-5063882.375,10040956.625,2.323554602731708,IQR,Valor extremo severo; validar con la fuente original.
7633,CLI-107633,saldo_actual,12845616,True,False,2.4286095054549515,-5063882.375,10040956.625,2.323554602731708,IQR,Posible valor extremo real debido a la distribución asimétrica; validar antes de eliminar.
7635,CLI-107635,saldo_actual,24458497,True,True,5.358957636935794,-5063882.375,10040956.625,2.323554602731708,IQR,Valor extremo severo; validar con la fuente original.
7665,CLI-107665,saldo_actual,14338258,True,False,2.8052568417765613,-5063882.375,10040956.625,2.323554602731708,IQR,Posible valor extremo real debido a la distribución asimétrica; validar antes de eliminar.
7691,CLI-107691,saldo_actual,11541669,True,False,2.09957671376441,-5063882.375,10040956.625,2.323554602731708,IQR,Posible valor extremo real debido a la distribución asimétrica; validar antes de eliminar.
7720,CLI-107720,saldo_actual,10911239,True,False,1.9404965188903327,-5063882.375,10040956.625,2.323554602731708,IQR,Posible valor extremo real debido a la distribución asimétrica; validar antes de eliminar.
7729,CLI-107729,saldo_actual,12366580,True,False,2.30773146946095,-5063882.375,10040956.625,2.323554602731708,IQR,Posible valor extremo real debido a la distribución asimétrica; validar antes de eliminar.
7775,CLI-107775,saldo_actual,16063536,True,True,3.240606619629706,-5063882.375,10040956.625,2.323554602731708,IQR,Valor extremo severo; validar con la fuente original.
7785,CLI-107785,saldo_actual,17820883,True,True,3.6840485611955813,-5063882.375,10040956.625,2.323554602731708,IQR,Valor extremo severo; validar con la fuente original.
7791,CLI-107791,saldo_actual,16425125,True,True,3.3318485474953254,-5063882.375,10040956.625,2.323554602731708,IQR,Valor extremo severo; validar con la fuente original.
7801,CLI-107801,saldo_actual,12100588,True,False,2.240612107763465,-5063882.375,10040956.625,2.323554602731708,IQR,Posible valor extremo real debido a la distribución asimétrica; validar antes de eliminar.
7811,CLI-107811,saldo_actual,13745937,True,False,2.6557929201547976,-5063882.375,10040956.625,2.323554602731708,IQR,Posible valor extremo real debido a la distribución asimétrica; validar antes de eliminar.
7814,CLI-107814,saldo_actual,13194028,True,False,2.5165264016313187,-5063882.375,10040956.625,2.323554602731708,IQR,Posible valor extremo real debido a la distribución asimétrica; validar antes de eliminar.
7819,CLI-107819,saldo_actual,13268124,True,False,2.5352234911089604,-5063882.375,10040956.625,2.323554602731708,IQR,Posible valor extremo real debido a la distribución asimétrica; validar antes de eliminar.
7831,CLI-107831,saldo_actual,13893784,True,False,2.6931000431843928,-5063882.375,10040956.625,2.323554602731708,IQR,Posible valor extremo real debido a la distribución asimétrica; validar antes de eliminar.
7833,CLI-107833,saldo_actual,12759897,True,False,2.4069795144576784,-5063882.375,10040956.625,2.323554602731708,IQR,Posible valor extremo real debido a la distribución asimétrica; validar antes de eliminar.
7887,CLI-107887,saldo_actual,14109390,True,False,2.74750520235515,-5063882.375,10040956.625,2.323554602731708,IQR,Posible valor extremo real debido a la distribución asimétrica; validar antes de eliminar.
7891,CLI-107891,saldo_actual,10633907,True,False,1.870515666765882,-5063882.375,10040956.625,2.323554602731708,IQR,Posible valor extremo real debido a la distribución asimétrica; validar antes de eliminar.
7902,CLI-107902,saldo_actual,10151995,True,False,1.7489119123884629,-5063882.375,10040956.625,2.323554602731708,IQR,Posible valor extremo real debido a la distribución asimétrica; validar antes de eliminar.
7909,CLI-107909,saldo_actual,16160275,True,True,3.265017353528669,-5063882.375,10040956.625,2.323554602731708,IQR,Valor extremo severo; validar con la fuente original.
7918,CLI-107918,saldo_actual,22874968,True,True,4.9593762370837045,-5063882.375,10040956.625,2.323554602731708,IQR,Valor extremo severo; validar con la fuente original.
7924,CLI-107924,saldo_actual,11312294,True,False,2.04169713998264,-5063882.375,10040956.625,2.323554602731708,IQR,Posible valor extremo real debido a la distribución asimétrica; validar antes de eliminar.
7946,CLI-107946,saldo_actual,11049782,True,False,1.9754559076225302,-5063882.375,10040956.625,2.323554602731708,IQR,Posible valor extremo real debido a la distribución asimétrica; validar antes de eliminar.
7955,CLI-107955,saldo_actual,10989084,True,False,1.9601396160937852,-5063882.375,10040956.625,2.323554602731708,IQR,Posible valor extremo real debido a la distribución asimétrica; validar antes de eliminar.
7958,CLI-107958,saldo_actual,10184636,True,False,1.7571484123026244,-5063882.375,10040956.625,2.323554602731708,IQR,Posible valor extremo real debido a la distribución asimétrica; validar antes de eliminar.
7963,CLI-107963,saldo_actual,13740016,True,False,2.6542988386011768,-5063882.375,10040956.625,2.323554602731708,IQR,Posible valor extremo real debido a la distribución asimétrica; validar antes de eliminar.
7966,CLI-107966,saldo_actual,10248450,True,False,1.7732509828587437,-5063882.375,10040956.625,2.323554602731708,IQR,Posible valor extremo real debido a la distribución asimétrica; validar antes de eliminar.
7981,CLI-107981,saldo_actual,11931451,True,False,2.1979327509428557,-5063882.375,10040956.625,2.323554602731708,IQR,Posible valor extremo real debido a la distribución asimétrica; validar antes de eliminar.
7997,CLI-107997,saldo_actual,11190109,True,False,2.010865463808141,-5063882.375,10040956.625,2.323554602731708,IQR,Posible valor extremo real debido a la distribución asimétrica; validar antes de eliminar.
8017,CLI-108017,saldo_actual,12196710,True,False,2.2648671503402555,-5063882.375,10040956.625,2.323554602731708,IQR,Posible valor extremo real debido a la distribución asimétrica; validar antes de eliminar.
8030,CLI-108030,saldo_actual,10101374,True,False,1.7361384108978601,-5063882.375,10040956.625,2.323554602731708,IQR,Posible valor extremo real debido a la distribución asimétrica; validar antes de eliminar.
8042,CLI-108042,saldo_actual,14516945,True,False,2.850346007554624,-5063882.375,10040956.625,2.323554602731708,IQR,Posible valor extremo real debido a la distribución asimétrica; validar antes de eliminar.
8044,CLI-108044,saldo_actual,14533053,True,False,2.8544106361082013,-5063882.375,10040956.625,2.323554602731708,IQR,Posible valor extremo real debido a la distribución asimétrica; validar antes de eliminar.
8045,CLI-108045,saldo_actual,12262949,True,False,2.2815816357363565,-5063882.375,10040956.625,2.323554602731708,IQR,Posible valor extremo real debido a la distribución asimétrica; validar antes de eliminar.
8048,CLI-108048,saldo_actual,10498889,True,False,1.836445762491802,-5063882.375,10040956.625,2.323554602731708,IQR,Posible valor extremo real debido a la distribución asimétrica; validar antes de eliminar.
8084,CLI-108084,saldo_actual,12513670,True,False,2.3448475741260646,-5063882.375,10040956.625,2.323554602731708,IQR,Posible valor extremo real debido a la distribución asimétrica; validar antes de eliminar.
8108,CLI-108108,saldo_actual,12881328,True,False,2.4376209292757456,-5063882.375,10040956.625,2.323554602731708,IQR,Posible valor extremo real debido a la distribución asimétrica; validar antes de eliminar.
8125,CLI-108125,saldo_actual,10358308,True,False,1.8009721129580036,-5063882.375,10040956.625,2.323554602731708,IQR,Posible valor extremo real debido a la distribución asimétrica; validar antes de eliminar.
8131,CLI-108131,saldo_actual,11325902,True,False,2.0451309284949986,-5063882.375,10040956.625,2.323554602731708,IQR,Posible valor extremo real debido a la distribución asimétrica; validar antes de eliminar.
8132,CLI-108132,saldo_actual,11183611,True,False,2.009225784373007,-5063882.375,10040956.625,2.323554602731708,IQR,Posible valor extremo real debido a la distribución asimétrica; validar antes de eliminar.
8140,CLI-108140,saldo_actual,27477452,True,True,6.120748715590156,-5063882.375,10040956.625,2.323554602731708,IQR,Valor extremo severo; validar con la fuente original.
8153,CLI-108153,saldo_actual,13699333,True,False,2.6440330524424245,-5063882.375,10040956.625,2.323554602731708,IQR,Posible valor extremo real debido a la distribución asimétrica; validar antes de eliminar.
8161,CLI-108161,saldo_actual,10555157,True,False,1.8506442054675085,-5063882.375,10040956.625,2.323554602731708,IQR,Posible valor extremo real debido a la distribución asimétrica; validar antes de eliminar.
8175,CLI-108175,saldo_actual,13899438,True,False,2.694526751021612,-5063882.375,10040956.625,2.323554602731708,IQR,Posible valor extremo real debido a la distribución asimétrica; validar antes de eliminar.
8181,CLI-108181,saldo_actual,10487383,True,False,1.8335423842860994,-5063882.375,10040956.625,2.323554602731708,IQR,Posible valor extremo real debido a la distribución asimétrica; validar antes de eliminar.
8182,CLI-108182,saldo_actual,13003853,True,False,2.46853839969585,-5063882.375,10040956.625,2.323554602731708,IQR,Posible valor extremo real debido a la distribución asimétrica; validar antes de eliminar.
8220,CLI-108220,saldo_actual,10924746,True,False,1.9439048214650265,-5063882.375,10040956.625,2.323554602731708,IQR,Posible valor extremo real debido a la distribución asimétrica; validar antes de eliminar.
8244,CLI-108244,saldo_actual,15934832,True,True,3.2081299649637267,-5063882.375,10040956.625,2.323554602731708,IQR,Valor extremo severo; validar con la fuente original.
8256,CLI-108256,saldo_actual,10834750,True,False,1.921195589325237,-5063882.375,10040956.625,2.323554602731708,IQR,Posible valor extremo real debido a la distribución asimétrica; validar antes de eliminar.
8265,CLI-108265,saldo_actual,10157541,True,False,1.7503113679359015,-5063882.375,10040956.625,2.323554602731708,IQR,Posible valor extremo real debido a la distribución asimétrica; validar antes de eliminar.
8268,CLI-108268,saldo_actual,11717308,True,False,2.1438967593642198,-5063882.375,10040956.625,2.323554602731708,IQR,Posible valor extremo real debido a la distribución asimétrica; validar antes de eliminar.
8281,CLI-108281,saldo_actual,13659237,True,False,2.6339153875253505,-5063882.375,10040956.625,2.323554602731708,IQR,Posible valor extremo real debido a la distribución asimétrica; validar antes de eliminar.
8324,CLI-108324,saldo_actual,16557025,True,True,3.3651316680699983,-5063882.375,10040956.625,2.323554602731708,IQR,Valor extremo severo; validar con la fuente original.
8352,CLI-108352,saldo_actual,13054785,True,False,2.48139037768758,-5063882.375,10040956.625,2.323554602731708,IQR,Posible valor extremo real debido a la distribución asimétrica; validar antes de eliminar.
8361,CLI-108361,saldo_actual,12097777,True,False,2.239902791221119,-5063882.375,10040956.625,2.323554602731708,IQR,Posible valor extremo real debido a la distribución asimétrica; validar antes de eliminar.
8378,CLI-108378,saldo_actual,14336388,True,False,2.80478497342573,-5063882.375,10040956.625,2.323554602731708,IQR,Posible valor extremo real debido a la distribución asimétrica; validar antes de eliminar.
8380,CLI-108380,saldo_actual,15127093,True,True,3.0043083233423062,-5063882.375,10040956.625,2.323554602731708,IQR,Valor extremo severo; validar con la fuente original.
8382,CLI-108382,saldo_actual,14163292,True,False,2.7611066183158472,-5063882.375,10040956.625,2.323554602731708,IQR,Posible valor extremo real debido a la distribución asimétrica; validar antes de eliminar.
8399,CLI-108399,saldo_actual,13755756,True,False,2.6582706075006866,-5063882.375,10040956.625,2.323554602731708,IQR,Posible valor extremo real debido a la distribución asimétrica; validar antes de eliminar.
8440,CLI-108440,saldo_actual,16052969,True,True,3.2379401849434846,-5063882.375,10040956.625,2.323554602731708,IQR,Valor extremo severo; validar con la fuente original.
8446,CLI-108446,saldo_actual,14092589,True,False,2.743265704942147,-5063882.375,10040956.625,2.323554602731708,IQR,Posible valor extremo real debido a la distribución asimétrica; validar antes de eliminar.
8452,CLI-108452,saldo_actual,10251117,True,False,1.7739239630147152,-5063882.375,10040956.625,2.323554602731708,IQR,Posible valor extremo real debido a la distribución asimétrica; validar antes de eliminar.
8462,CLI-108462,saldo_actual,16048266,True,True,3.2367534486579452,-5063882.375,10040956.625,2.323554602731708,IQR,Valor extremo severo; validar con la fuente original.
8478,CLI-108478,saldo_actual,17188053,True,True,3.5243627598819347,-5063882.375,10040956.625,2.323554602731708,IQR,Valor extremo severo; validar con la fuente original.
8480,CLI-108480,saldo_actual,12192210,True,False,2.2637316382660626,-5063882.375,10040956.625,2.323554602731708,IQR,Posible valor extremo real debido a la distribución asimétrica; validar antes de eliminar.
8481,CLI-108481,saldo_actual,11403899,True,False,2.064812380772957,-5063882.375,10040956.625,2.323554602731708,IQR,Posible valor extremo real debido a la distribución asimétrica; validar antes de eliminar.
8484,CLI-108484,saldo_actual,30130768,True,True,6.790275905512125,-5063882.375,10040956.625,2.323554602731708,IQR,Valor extremo severo; validar con la fuente original.
8488,CLI-108488,saldo_actual,10861780,True,False,1.9280162318508882,-5063882.375,10040956.625,2.323554602731708,IQR,Posible valor extremo real debido a la distribución asimétrica; validar antes de eliminar.
8494,CLI-108494,saldo_actual,14718452,True,False,2.9011934812289266,-5063882.375,10040956.625,2.323554602731708,IQR,Posible valor extremo real debido a la distribución asimétrica; validar antes de eliminar.
8525,CLI-108525,saldo_actual,11340725,True,False,2.0488713052673897,-5063882.375,10040956.625,2.323554602731708,IQR,Posible valor extremo real debido a la distribución asimétrica; validar antes de eliminar.
8529,CLI-108529,saldo_actual,14542397,True,False,2.8567684638462585,-5063882.375,10040956.625,2.323554602731708,IQR,Posible valor extremo real debido a la distribución asimétrica; validar antes de eliminar.
8532,CLI-108532,saldo_actual,12354420,True,False,2.3046630635004646,-5063882.375,10040956.625,2.323554602731708,IQR,Posible valor extremo real debido a la distribución asimétrica; validar antes de eliminar.
8538,CLI-108538,saldo_actual,10454865,True,False,1.825336921701966,-5063882.375,10040956.625,2.323554602731708,IQR,Posible valor extremo real debido a la distribución asimétrica; validar antes de eliminar.
8556,CLI-108556,saldo_actual,15379943,True,True,3.0681114851111153,-5063882.375,10040956.625,2.323554602731708,IQR,Valor extremo severo; validar con la fuente original.
8567,CLI-108567,saldo_actual,11661918,True,False,2.129919867410989,-5063882.375,10040956.625,2.323554602731708,IQR,Posible valor extremo real debido a la distribución asimétrica; validar antes de eliminar.
8590,CLI-108590,saldo_actual,22232080,True,True,4.797152440116229,-5063882.375,10040956.625,2.323554602731708,IQR,Valor extremo severo; validar con la fuente original.
8613,CLI-108613,saldo_actual,11032325,True,False,1.9710508777827118,-5063882.375,10040956.625,2.323554602731708,IQR,Posible valor extremo real debido a la distribución asimétrica; validar antes de eliminar.
8623,CLI-108623,saldo_actual,12467575,True,False,2.3332161454460834,-5063882.375,10040956.625,2.323554602731708,IQR,Posible valor extremo real debido a la distribución asimétrica; validar antes de eliminar.
8639,CLI-108639,saldo_actual,13454987,True,False,2.5823757561578233,-5063882.375,10040956.625,2.323554602731708,IQR,Posible valor extremo real debido a la distribución asimétrica; validar antes de eliminar.
8666,CLI-108666,saldo_actual,15241120,True,True,3.0330814422943013,-5063882.375,10040956.625,2.323554602731708,IQR,Valor extremo severo; validar con la fuente original.
8673,CLI-108673,saldo_actual,13500209,True,False,2.593786895495411,-5063882.375,10040956.625,2.323554602731708,IQR,Posible valor extremo real debido a la distribución asimétrica; validar antes de eliminar.
8688,CLI-108688,saldo_actual,11707756,True,False,2.141486445734733,-5063882.375,10040956.625,2.323554602731708,IQR,Posible valor extremo real debido a la distribución asimétrica; validar antes de eliminar.
8689,CLI-108689,saldo_actual,14931631,True,False,2.954986220887669,-5063882.375,10040956.625,2.323554602731708,IQR,Posible valor extremo real debido a la distribución asimétrica; validar antes de eliminar.
8715,CLI-108715,saldo_actual,13336981,True,False,2.552598592196225,-5063882.375,10040956.625,2.323554602731708,IQR,Posible valor extremo real debido a la distribución asimétrica; validar antes de eliminar.
8717,CLI-108717,saldo_actual,20120975,True,True,4.264444614029846,-5063882.375,10040956.625,2.323554602731708,IQR,Valor extremo severo; validar con la fuente original.
8724,CLI-108724,saldo_actual,13663956,True,False,2.635106161187154,-5063882.375,10040956.625,2.323554602731708,IQR,Posible valor extremo real debido a la distribución asimétrica; validar antes de eliminar.
8726,CLI-108726,saldo_actual,11158561,True,False,2.0029047671600004,-5063882.375,10040956.625,2.323554602731708,IQR,Posible valor extremo real debido a la distribución asimétrica; validar antes de eliminar.
8728,CLI-108728,saldo_actual,13166341,True,False,2.509539974342835,-5063882.375,10040956.625,2.323554602731708,IQR,Posible valor extremo real debido a la distribución asimétrica; validar antes de eliminar.
8729,CLI-108729,saldo_actual,16812603,True,True,3.4296232024917845,-5063882.375,10040956.625,2.323554602731708,IQR,Valor extremo severo; validar con la fuente original.
8741,CLI-108741,saldo_actual,10690448,True,False,1.8847829974740893,-5063882.375,10040956.625,2.323554602731708,IQR,Posible valor extremo real debido a la distribución asimétrica; validar antes de eliminar.
8798,CLI-108798,saldo_actual,15495364,True,True,3.097236360470094,-5063882.375,10040956.625,2.323554602731708,IQR,Valor extremo severo; validar con la fuente original.
8871,CLI-108871,saldo_actual,10224932,True,False,1.767316544422996,-5063882.375,10040956.625,2.323554602731708,IQR,Posible valor extremo real debido a la distribución asimétrica; validar antes de eliminar.
8875,CLI-108875,saldo_actual,19997277,True,True,4.233231153462403,-5063882.375,10040956.625,2.323554602731708,IQR,Valor extremo severo; validar con la fuente original.
8882,CLI-108882,saldo_actual,12810139,True,False,2.4196573805980326,-5063882.375,10040956.625,2.323554602731708,IQR,Posible valor extremo real debido a la distribución asimétrica; validar antes de eliminar.
8885,CLI-108885,saldo_actual,15237578,True,True,3.0321876681239033,-5063882.375,10040956.625,2.323554602731708,IQR,Valor extremo severo; validar con la fuente original.
8894,CLI-108894,saldo_actual,10273190,True,False,1.7794937759066392,-5063882.375,10040956.625,2.323554602731708,IQR,Posible valor extremo real debido a la distribución asimétrica; validar antes de eliminar.
8904,CLI-108904,saldo_actual,11545643,True,False,2.10057949709393,-5063882.375,10040956.625,2.323554602731708,IQR,Posible valor extremo real debido a la distribución asimétrica; validar antes de eliminar.
8922,CLI-108922,saldo_actual,12077931,True,False,2.2348949306379127,-5063882.375,10040956.625,2.323554602731708,IQR,Posible valor extremo real debido a la distribución asimétrica; validar antes de eliminar.
8927,CLI-108927,saldo_actual,13223875,True,False,2.5240578747154143,-5063882.375,10040956.625,2.323554602731708,IQR,Posible valor extremo real debido a la distribución asimétrica; validar antes de eliminar.
8929,CLI-108929,saldo_actual,12285649,True,False,2.287309663310618,-5063882.375,10040956.625,2.323554602731708,IQR,Posible valor extremo real debido a la distribución asimétrica; validar antes de eliminar.
8933,CLI-108933,saldo_actual,10898735,True,False,1.937341309340176,-5063882.375,10040956.625,2.323554602731708,IQR,Posible valor extremo real debido a la distribución asimétrica; validar antes de eliminar.
8935,CLI-108935,saldo_actual,10985518,True,False,1.9592397858589916,-5063882.375,10040956.625,2.323554602731708,IQR,Posible valor extremo real debido a la distribución asimétrica; validar antes de eliminar.
8945,CLI-108945,saldo_actual,11951576,True,False,2.2030110132746623,-5063882.375,10040956.625,2.323554602731708,IQR,Posible valor extremo real debido a la distribución asimétrica; validar antes de eliminar.
8958,CLI-108958,saldo_actual,20448672,True,True,4.347134369624679,-5063882.375,10040956.625,2.323554602731708,IQR,Valor extremo severo; validar con la fuente original.
8985,CLI-108985,saldo_actual,14665897,True,False,2.8879319618824377,-5063882.375,10040956.625,2.323554602731708,IQR,Posible valor extremo real debido a la distribución asimétrica; validar antes de eliminar.
8988,CLI-108988,saldo_actual,11615179,True,False,2.11812593433639,-5063882.375,10040956.625,2.323554602731708,IQR,Posible valor extremo real debido a la distribución asimétrica; validar antes de eliminar.
9007,CLI-109007,saldo_actual,10771760,True,False,1.9053009436467032,-5063882.375,10040956.625,2.323554602731708,IQR,Posible valor extremo real debido a la distribución asimétrica; validar antes de eliminar.
9010,CLI-109010,saldo_actual,18483862,True,True,3.851342041070303,-5063882.375,10040956.625,2.323554602731708,IQR,Valor extremo severo; validar con la fuente original.
9011,CLI-109011,saldo_actual,13084825,True,False,2.4889705516228577,-5063882.375,10040956.625,2.323554602731708,IQR,Posible valor extremo real debido a la distribución asimétrica; validar antes de eliminar.
9013,CLI-109013,saldo_actual,25845802,True,True,5.709024654288682,-5063882.375,10040956.625,2.323554602731708,IQR,Valor extremo severo; validar con la fuente original.
9027,CLI-109027,saldo_actual,10546370,True,False,1.8484269288906348,-5063882.375,10040956.625,2.323554602731708,IQR,Posible valor extremo real debido a la distribución asimétrica; validar antes de eliminar.
9038,CLI-109038,saldo_actual,11367815,True,False,2.0557070879540302,-5063882.375,10040956.625,2.323554602731708,IQR,Posible valor extremo real debido a la distribución asimétrica; validar antes de eliminar.
9042,CLI-109042,saldo_actual,13954635,True,False,2.7084549421236606,-5063882.375,10040956.625,2.323554602731708,IQR,Posible valor extremo real debido a la distribución asimétrica; validar antes de eliminar.
9045,CLI-109045,saldo_actual,23173135,True,True,5.034614510111668,-5063882.375,10040956.625,2.323554602731708,IQR,Valor extremo severo; validar con la fuente original.
9051,CLI-109051,saldo_actual,14053232,True,False,2.733334516341257,-5063882.375,10040956.625,2.323554602731708,IQR,Posible valor extremo real debido a la distribución asimétrica; validar antes de eliminar.
9061,CLI-109061,saldo_actual,11058266,True,False,1.9775967263864085,-5063882.375,10040956.625,2.323554602731708,IQR,Posible valor extremo real debido a la distribución asimétrica; validar antes de eliminar.
9066,CLI-109066,saldo_actual,10320353,True,False,1.7913946994522287,-5063882.375,10040956.625,2.323554602731708,IQR,Posible valor extremo real debido a la distribución asimétrica; validar antes de eliminar.
9085,CLI-109085,saldo_actual,12403291,True,False,2.316994976962215,-5063882.375,10040956.625,2.323554602731708,IQR,Posible valor extremo real debido a la distribución asimétrica; validar antes de eliminar.
9102,CLI-109102,saldo_actual,27856913,True,True,6.216500392742437,-5063882.375,10040956.625,2.323554602731708,IQR,Valor extremo severo; validar con la fuente original.
9113,CLI-109113,saldo_actual,16734231,True,True,3.4098471242076434,-5063882.375,10040956.625,2.323554602731708,IQR,Valor extremo severo; validar con la fuente original.
9139,CLI-109139,saldo_actual,12142678,True,False,2.2512329306974146,-5063882.375,10040956.625,2.323554602731708,IQR,Posible valor extremo real debido a la distribución asimétrica; validar antes de eliminar.
9145,CLI-109145,saldo_actual,11963427,True,False,2.2060014474060528,-5063882.375,10040956.625,2.323554602731708,IQR,Posible valor extremo real debido a la distribución asimétrica; validar antes de eliminar.
9146,CLI-109146,saldo_actual,12045033,True,False,2.226593580367514,-5063882.375,10040956.625,2.323554602731708,IQR,Posible valor extremo real debido a la distribución asimétrica; validar antes de eliminar.
9149,CLI-109149,saldo_actual,16749093,True,True,3.4135973420846772,-5063882.375,10040956.625,2.323554602731708,IQR,Valor extremo severo; validar con la fuente original.
9160,CLI-109160,saldo_actual,12609495,True,False,2.369027672905958,-5063882.375,10040956.625,2.323554602731708,IQR,Posible valor extremo real debido a la distribución asimétrica; validar antes de eliminar.
9185,CLI-109185,saldo_actual,14206968,True,False,2.772127646171946,-5063882.375,10040956.625,2.323554602731708,IQR,Posible valor extremo real debido a la distribución asimétrica; validar antes de eliminar.
9188,CLI-109188,saldo_actual,13491031,True,False,2.591470955536091,-5063882.375,10040956.625,2.323554602731708,IQR,Posible valor extremo real debido a la distribución asimétrica; validar antes de eliminar.
9219,CLI-109219,saldo_actual,13679557,True,False,2.639042855380372,-5063882.375,10040956.625,2.323554602731708,IQR,Posible valor extremo real debido a la distribución asimétrica; validar antes de eliminar.
9220,CLI-109220,saldo_actual,11981083,True,False,2.2104566921131523,-5063882.375,10040956.625,2.323554602731708,IQR,Posible valor extremo real debido a la distribución asimétrica; validar antes de eliminar.
9234,CLI-109234,saldo_actual,11871065,True,False,2.1826951882512544,-5063882.375,10040956.625,2.323554602731708,IQR,Posible valor extremo real debido a la distribución asimétrica; validar antes de eliminar.
9264,CLI-109264,saldo_actual,10803470,True,False,1.913302518729515,-5063882.375,10040956.625,2.323554602731708,IQR,Posible valor extremo real debido a la distribución asimétrica; validar antes de eliminar.
9286,CLI-109286,saldo_actual,11785636,True,False,2.1611383746987625,-5063882.375,10040956.625,2.323554602731708,IQR,Posible valor extremo real debido a la distribución asimétrica; validar antes de eliminar.
9289,CLI-109289,saldo_actual,21591969,True,True,4.635629380266539,-5063882.375,10040956.625,2.323554602731708,IQR,Valor extremo severo; validar con la fuente original.
9314,CLI-109314,saldo_actual,12939523,True,False,2.452305623755223,-5063882.375,10040956.625,2.323554602731708,IQR,Posible valor extremo real debido a la distribución asimétrica; validar antes de eliminar.
9332,CLI-109332,saldo_actual,17065204,True,True,3.4933635325924883,-5063882.375,10040956.625,2.323554602731708,IQR,Valor extremo severo; validar con la fuente original.
9377,CLI-109377,saldo_actual,13483408,True,False,2.589547398082408,-5063882.375,10040956.625,2.323554602731708,IQR,Posible valor extremo real debido a la distribución asimétrica; validar antes de eliminar.
9381,CLI-109381,saldo_actual,10623995,True,False,1.86801451217046,-5063882.375,10040956.625,2.323554602731708,IQR,Posible valor extremo real debido a la distribución asimétrica; validar antes de eliminar.
9385,CLI-109385,saldo_actual,22592163,True,True,4.888014349941019,-5063882.375,10040956.625,2.323554602731708,IQR,Valor extremo severo; validar con la fuente original.
9391,CLI-109391,saldo_actual,10514884,True,False,1.8404818770755162,-5063882.375,10040956.625,2.323554602731708,IQR,Posible valor extremo real debido a la distribución asimétrica; validar antes de eliminar.
9410,CLI-109410,saldo_actual,11823207,True,False,2.170618891174206,-5063882.375,10040956.625,2.323554602731708,IQR,Posible valor extremo real debido a la distribución asimétrica; validar antes de eliminar.
9416,CLI-109416,saldo_actual,11939357,True,False,2.199927719489204,-5063882.375,10040956.625,2.323554602731708,IQR,Posible valor extremo real debido a la distribución asimétrica; validar antes de eliminar.
9425,CLI-109425,saldo_actual,20980464,True,True,4.481324644504483,-5063882.375,10040956.625,2.323554602731708,IQR,Valor extremo severo; validar con la fuente original.
9428,CLI-109428,saldo_actual,11269546,True,False,2.0309102799498415,-5063882.375,10040956.625,2.323554602731708,IQR,Posible valor extremo real debido a la distribución asimétrica; validar antes de eliminar.
9473,CLI-109473,saldo_actual,14950730,True,False,2.9598055864665596,-5063882.375,10040956.625,2.323554602731708,IQR,Posible valor extremo real debido a la distribución asimétrica; validar antes de eliminar.
9481,CLI-109481,saldo_actual,17233201,True,True,3.5357552263543024,-5063882.375,10040956.625,2.323554602731708,IQR,Valor extremo severo; validar con la fuente original.
9509,CLI-109509,saldo_actual,13093150,True,False,2.4910712489601146,-5063882.375,10040956.625,2.323554602731708,IQR,Posible valor extremo real debido a la distribución asimétrica; validar antes de eliminar.
9535,CLI-109535,saldo_actual,20080876,True,True,4.254326192104722,-5063882.375,10040956.625,2.323554602731708,IQR,Valor extremo severo; validar con la fuente original.
9539,CLI-109539,saldo_actual,15277725,True,True,3.0423182021778183,-5063882.375,10040956.625,2.323554602731708,IQR,Valor extremo severo; validar con la fuente original.
9558,CLI-109558,saldo_actual,14269380,True,False,2.78787644163295,-5063882.375,10040956.625,2.323554602731708,IQR,Posible valor extremo real debido a la distribución asimétrica; validar antes de eliminar.
9567,CLI-109567,saldo_actual,15730674,True,True,3.1566135485097164,-5063882.375,10040956.625,2.323554602731708,IQR,Valor extremo severo; validar con la fuente original.
9582,CLI-109582,saldo_actual,10894704,True,False,1.9363241428577156,-5063882.375,10040956.625,2.323554602731708,IQR,Posible valor extremo real debido a la distribución asimétrica; validar antes de eliminar.
9589,CLI-109589,saldo_actual,15200373,True,True,3.022799506630494,-5063882.375,10040956.625,2.323554602731708,IQR,Valor extremo severo; validar con la fuente original.
9594,CLI-109594,saldo_actual,14536722,True,False,2.855336456952693,-5063882.375,10040956.625,2.323554602731708,IQR,Posible valor extremo real debido a la distribución asimétrica; validar antes de eliminar.
9601,CLI-109601,saldo_actual,23344249,True,True,5.077792735236873,-5063882.375,10040956.625,2.323554602731708,IQR,Valor extremo severo; validar con la fuente original.
9616,CLI-109616,saldo_actual,12548653,True,False,2.353675044990839,-5063882.375,10040956.625,2.323554602731708,IQR,Posible valor extremo real debido a la distribución asimétrica; validar antes de eliminar.
9654,CLI-109654,saldo_actual,12749357,True,False,2.4043198928439025,-5063882.375,10040956.625,2.323554602731708,IQR,Posible valor extremo real debido a la distribución asimétrica; validar antes de eliminar.
9657,CLI-109657,saldo_actual,13247103,True,False,2.529919135706381,-5063882.375,10040956.625,2.323554602731708,IQR,Posible valor extremo real debido a la distribución asimétrica; validar antes de eliminar.
9662,CLI-109662,saldo_actual,11760240,True,False,2.1547300492240518,-5063882.375,10040956.625,2.323554602731708,IQR,Posible valor extremo real debido a la distribución asimétrica; validar antes de eliminar.
9674,CLI-109674,saldo_actual,10184855,True,False,1.757203673890235,-5063882.375,10040956.625,2.323554602731708,IQR,Posible valor extremo real debido a la distribución asimétrica; validar antes de eliminar.
9675,CLI-109675,saldo_actual,19123240,True,True,4.012680138619908,-5063882.375,10040956.625,2.323554602731708,IQR,Valor extremo severo; validar con la fuente original.
9679,CLI-109679,saldo_actual,12636203,True,False,2.3757670632343006,-5063882.375,10040956.625,2.323554602731708,IQR,Posible valor extremo real debido a la distribución asimétrica; validar antes de eliminar.
9690,CLI-109690,saldo_actual,11140773,True,False,1.9984162140987245,-5063882.375,10040956.625,2.323554602731708,IQR,Posible valor extremo real debido a la distribución asimétrica; validar antes de eliminar.
9698,CLI-109698,saldo_actual,14923289,True,False,2.952881233838132,-5063882.375,10040956.625,2.323554602731708,IQR,Posible valor extremo real debido a la distribución asimétrica; validar antes de eliminar.
9718,CLI-109718,saldo_actual,13485672,True,False,2.5901186868237356,-5063882.375,10040956.625,2.323554602731708,IQR,Posible valor extremo real debido a la distribución asimétrica; validar antes de eliminar.
9719,CLI-109719,saldo_actual,13297281,True,False,2.54258085234168,-5063882.375,10040956.625,2.323554602731708,IQR,Posible valor extremo real debido a la distribución asimétrica; validar antes de eliminar.
9743,CLI-109743,saldo_actual,17599870,True,True,3.6282790211836775,-5063882.375,10040956.625,2.323554602731708,IQR,Valor extremo severo; validar con la fuente original.
9748,CLI-109748,saldo_actual,11492766,True,False,2.0872367255501323,-5063882.375,10040956.625,2.323554602731708,IQR,Posible valor extremo real debido a la distribución asimétrica; validar antes de eliminar.
9754,CLI-109754,saldo_actual,17045844,True,True,3.4884783073132946,-5063882.375,10040956.625,2.323554602731708,IQR,Valor extremo severo; validar con la fuente original.
9775,CLI-109775,saldo_actual,10243609,True,False,1.7720294242029289,-5063882.375,10040956.625,2.323554602731708,IQR,Posible valor extremo real debido a la distribución asimétrica; validar antes de eliminar.
9776,CLI-109776,saldo_actual,11932267,True,False,2.198138657132309,-5063882.375,10040956.625,2.323554602731708,IQR,Posible valor extremo real debido a la distribución asimétrica; validar antes de eliminar.
9779,CLI-109779,saldo_actual,25092568,True,True,5.518956587245901,-5063882.375,10040956.625,2.323554602731708,IQR,Valor extremo severo; validar con la fuente original.
9791,CLI-109791,saldo_actual,11372308,True,False,2.0568408336761075,-5063882.375,10040956.625,2.323554602731708,IQR,Posible valor extremo real debido a la distribución asimétrica; validar antes de eliminar.
9796,CLI-109796,saldo_actual,23451005,True,True,5.104731119012989,-5063882.375,10040956.625,2.323554602731708,IQR,Valor extremo severo; validar con la fuente original.
9906,CLI-109906,saldo_actual,13504479,True,False,2.5948643702858116,-5063882.375,10040956.625,2.323554602731708,IQR,Posible valor extremo real debido a la distribución asimétrica; validar antes de eliminar.
9916,CLI-109916,saldo_actual,15084180,True,False,2.9934798278667873,-5063882.375,10040956.625,2.323554602731708,IQR,Posible valor extremo real debido a la distribución asimétrica; validar antes de eliminar.
9939,CLI-109939,saldo_actual,20926773,True,True,4.467776471443265,-5063882.375,10040956.625,2.323554602731708,IQR,Valor extremo severo; validar con la fuente original.
9952,CLI-109952,saldo_actual,16096640,True,True,3.2489599511195006,-5063882.375,10040956.625,2.323554602731708,IQR,Valor extremo severo; validar con la fuente original.
9957,CLI-109957,saldo_actual,12666560,True,False,2.383427227686805,-5063882.375,10040956.625,2.323554602731708,IQR,Posible valor extremo real debido a la distribución asimétrica; validar antes de eliminar.
9966,CLI-109966,saldo_actual,19677426,True,True,4.152521226252929,-5063882.375,10040956.625,2.323554602731708,IQR,Valor extremo severo; validar con la fuente original.
9982,CLI-109982,saldo_actual,13412224,True,False,2.5715851110847776,-5063882.375,10040956.625,2.323554602731708,IQR,Posible valor extremo real debido a la distribución asimétrica; validar antes de eliminar.
9985,CLI-109985,saldo_actual,10121938,True,False,1.7413274487409047,-5063882.375,10040956.625,2.323554602731708,IQR,Posible valor extremo real debido a la distribución asimétrica; validar antes de eliminar.
10039,CLI-110039,saldo_actual,11420762,True,False,2.0690675230189823,-5063882.375,10040956.625,2.323554602731708,IQR,Posible valor extremo real debido a la distribución asimétrica; validar antes de eliminar.
10042,CLI-110042,saldo_actual,12051075,True,False,2.2281181945791304,-5063882.375,10040956.625,2.323554602731708,IQR,Posible valor extremo real debido a la distribución asimétrica; validar antes de eliminar.
10077,CLI-110077,saldo_actual,24725463,True,True,5.426322773913338,-5063882.375,10040956.625,2.323554602731708,IQR,Valor extremo severo; validar con la fuente original.
10087,CLI-110087,saldo_actual,10775631,True,False,1.9062777363665255,-5063882.375,10040956.625,2.323554602731708,IQR,Posible valor extremo real debido a la distribución asimétrica; validar antes de eliminar.
10091,CLI-110091,saldo_actual,13660887,True,False,2.6343317419525545,-5063882.375,10040956.625,2.323554602731708,IQR,Posible valor extremo real debido a la distribución asimétrica; validar antes de eliminar.
10116,CLI-110116,saldo_actual,11818339,True,False,2.169390519445946,-5063882.375,10040956.625,2.323554602731708,IQR,Posible valor extremo real debido a la distribución asimétrica; validar antes de eliminar.
10132,CLI-110132,saldo_actual,13704770,True,False,2.6454050033640657,-5063882.375,10040956.625,2.323554602731708,IQR,Posible valor extremo real debido a la distribución asimétrica; validar antes de eliminar.
10137,CLI-110137,saldo_actual,11920901,True,False,2.195270605968915,-5063882.375,10040956.625,2.323554602731708,IQR,Posible valor extremo real debido a la distribución asimétrica; validar antes de eliminar.
10144,CLI-110144,saldo_actual,25341308,True,True,5.581722647986948,-5063882.375,10040956.625,2.323554602731708,IQR,Valor extremo severo; validar con la fuente original.
10154,CLI-110154,saldo_actual,10159554,True,False,1.7508193203370903,-5063882.375,10040956.625,2.323554602731708,IQR,Posible valor extremo real debido a la distribución asimétrica; validar antes de eliminar.
10179,CLI-110179,saldo_actual,14185937,True,False,2.766820767409202,-5063882.375,10040956.625,2.323554602731708,IQR,Posible valor extremo real debido a la distribución asimétrica; validar antes de eliminar.
10186,CLI-110186,saldo_actual,27275454,True,True,6.069777344931758,-5063882.375,10040956.625,2.323554602731708,IQR,Valor extremo severo; validar con la fuente original.
10188,CLI-110188,saldo_actual,10705897,True,False,1.8886813365928015,-5063882.375,10040956.625,2.323554602731708,IQR,Posible valor extremo real debido a la distribución asimétrica; validar antes de eliminar.
10191,CLI-110191,saldo_actual,19012397,True,True,3.9847104575444083,-5063882.375,10040956.625,2.323554602731708,IQR,Valor extremo severo; validar con la fuente original.
10221,CLI-110221,saldo_actual,29031358,True,True,6.512855165625842,-5063882.375,10040956.625,2.323554602731708,IQR,Valor extremo severo; validar con la fuente original.
10225,CLI-110225,saldo_actual,11628850,True,False,2.1215756200177878,-5063882.375,10040956.625,2.323554602731708,IQR,Posible valor extremo real debido a la distribución asimétrica; validar antes de eliminar.
10244,CLI-110244,saldo_actual,10994856,True,False,1.9615960995809498,-5063882.375,10040956.625,2.323554602731708,IQR,Posible valor extremo real debido a la distribución asimétrica; validar antes de eliminar.
10268,CLI-110268,saldo_actual,23426785,True,True,5.098619540693667,-5063882.375,10040956.625,2.323554602731708,IQR,Valor extremo severo; validar con la fuente original.
10274,CLI-110274,saldo_actual,29145130,True,True,6.541563938893633,-5063882.375,10040956.625,2.323554602731708,IQR,Valor extremo severo; validar con la fuente original.
10291,CLI-110291,saldo_actual,14612081,True,False,2.874352246819158,-5063882.375,10040956.625,2.323554602731708,IQR,Posible valor extremo real debido a la distribución asimétrica; validar antes de eliminar.
10300,CLI-110300,saldo_actual,12148117,True,False,2.252605386291089,-5063882.375,10040956.625,2.323554602731708,IQR,Posible valor extremo real debido a la distribución asimétrica; validar antes de eliminar.
10312,CLI-110312,saldo_actual,12586620,True,False,2.3632554865288116,-5063882.375,10040956.625,2.323554602731708,IQR,Posible valor extremo real debido a la distribución asimétrica; validar antes de eliminar.
10317,CLI-110317,saldo_actual,15845879,True,True,3.1856839192891333,-5063882.375,10040956.625,2.323554602731708,IQR,Valor extremo severo; validar con la fuente original.
10343,CLI-110343,saldo_actual,11674656,True,False,2.133134123589004,-5063882.375,10040956.625,2.323554602731708,IQR,Posible valor extremo real debido a la distribución asimétrica; validar antes de eliminar.
10366,CLI-110366,saldo_actual,10152683,True,False,1.7490855195678061,-5063882.375,10040956.625,2.323554602731708,IQR,Posible valor extremo real debido a la distribución asimétrica; validar antes de eliminar.
10401,CLI-110401,saldo_actual,17087419,True,True,3.4989691771987537,-5063882.375,10040956.625,2.323554602731708,IQR,Valor extremo severo; validar con la fuente original.
10419,CLI-110419,saldo_actual,10424316,True,False,1.817628308734296,-5063882.375,10040956.625,2.323554602731708,IQR,Posible valor extremo real debido a la distribución asimétrica; validar antes de eliminar.
10421,CLI-110421,saldo_actual,12820568,True,False,2.422288992913978,-5063882.375,10040956.625,2.323554602731708,IQR,Posible valor extremo real debido a la distribución asimétrica; validar antes de eliminar.
10422,CLI-110422,saldo_actual,16699722,True,True,3.4011392606146837,-5063882.375,10040956.625,2.323554602731708,IQR,Valor extremo severo; validar con la fuente original.
10428,CLI-110428,saldo_actual,15698209,True,True,3.1484214597344566,-5063882.375,10040956.625,2.323554602731708,IQR,Valor extremo severo; validar con la fuente original.
10489,CLI-110489,saldo_actual,17358645,True,True,3.567409265606533,-5063882.375,10040956.625,2.323554602731708,IQR,Valor extremo severo; validar con la fuente original.
10569,CLI-110569,saldo_actual,26680878,True,True,5.919744405592816,-5063882.375,10040956.625,2.323554602731708,IQR,Valor extremo severo; validar con la fuente original.
10593,CLI-110593,saldo_actual,11595433,True,False,2.1131433073548322,-5063882.375,10040956.625,2.323554602731708,IQR,Posible valor extremo real debido a la distribución asimétrica; validar antes de eliminar.
10636,CLI-110636,saldo_actual,11278144,True,False,2.033079865019599,-5063882.375,10040956.625,2.323554602731708,IQR,Posible valor extremo real debido a la distribución asimétrica; validar antes de eliminar.
10637,CLI-110637,saldo_actual,19058974,True,True,3.9964635121843366,-5063882.375,10040956.625,2.323554602731708,IQR,Valor extremo severo; validar con la fuente original.
10656,CLI-110656,saldo_actual,14758900,True,False,2.9113999684238046,-5063882.375,10040956.625,2.323554602731708,IQR,Posible valor extremo real debido a la distribución asimétrica; validar antes de eliminar.
10695,CLI-110695,saldo_actual,13769380,True,False,2.6617084333893093,-5063882.375,10040956.625,2.323554602731708,IQR,Posible valor extremo real debido a la distribución asimétrica; validar antes de eliminar.
10698,CLI-110698,saldo_actual,11040197,True,False,1.9730372669044998,-5063882.375,10040956.625,2.323554602731708,IQR,Posible valor extremo real debido a la distribución asimétrica; validar antes de eliminar.
10708,CLI-110708,saldo_actual,14424109,True,False,2.826920141128011,-5063882.375,10040956.625,2.323554602731708,IQR,Posible valor extremo real debido a la distribución asimétrica; validar antes de eliminar.
10716,CLI-110716,saldo_actual,10215142,True,False,1.7648461748215853,-5063882.375,10040956.625,2.323554602731708,IQR,Posible valor extremo real debido a la distribución asimétrica; validar antes de eliminar.
10722,CLI-110722,saldo_actual,12145066,True,False,2.251835509104786,-5063882.375,10040956.625,2.323554602731708,IQR,Posible valor extremo real debido a la distribución asimétrica; validar antes de eliminar.
10735,CLI-110735,saldo_actual,10987824,True,False,1.9598216727130113,-5063882.375,10040956.625,2.323554602731708,IQR,Posible valor extremo real debido a la distribución asimétrica; validar antes de eliminar.
10740,CLI-110740,saldo_actual,15016922,True,False,2.9765082120698856,-5063882.375,10040956.625,2.323554602731708,IQR,Posible valor extremo real debido a la distribución asimétrica; validar antes de eliminar.
10768,CLI-110768,saldo_actual,16224916,True,True,3.2813286059704234,-5063882.375,10040956.625,2.323554602731708,IQR,Valor extremo severo; validar con la fuente original.
10773,CLI-110773,saldo_actual,12671975,True,False,2.3847936272160837,-5063882.375,10040956.625,2.323554602731708,IQR,Posible valor extremo real debido a la distribución asimétrica; validar antes de eliminar.
10775,CLI-110775,saldo_actual,12861694,True,False,2.4326665639280343,-5063882.375,10040956.625,2.323554602731708,IQR,Posible valor extremo real debido a la distribución asimétrica; validar antes de eliminar.
10776,CLI-110776,saldo_actual,16404631,True,True,3.3266771731734353,-5063882.375,10040956.625,2.323554602731708,IQR,Valor extremo severo; validar con la fuente original.
10781,CLI-110781,saldo_actual,11390193,True,False,2.0613538633309823,-5063882.375,10040956.625,2.323554602731708,IQR,Posible valor extremo real debido a la distribución asimétrica; validar antes de eliminar.
10783,CLI-110783,saldo_actual,14611002,True,False,2.8740799762573683,-5063882.375,10040956.625,2.323554602731708,IQR,Posible valor extremo real debido a la distribución asimétrica; validar antes de eliminar.
10789,CLI-110789,saldo_actual,20247236,True,True,4.296304811807547,-5063882.375,10040956.625,2.323554602731708,IQR,Valor extremo severo; validar con la fuente original.
10792,CLI-110792,saldo_actual,18244891,True,True,3.7910410508743206,-5063882.375,10040956.625,2.323554602731708,IQR,Valor extremo severo; validar con la fuente original.
10796,CLI-110796,saldo_actual,12121082,True,False,2.2457834820853555,-5063882.375,10040956.625,2.323554602731708,IQR,Posible valor extremo real debido a la distribución asimétrica; validar antes de eliminar.
10811,CLI-110811,saldo_actual,11847279,True,False,2.176693123763088,-5063882.375,10040956.625,2.323554602731708,IQR,Posible valor extremo real debido a la distribución asimétrica; validar antes de eliminar.
10818,CLI-110818,saldo_actual,18168812,True,True,3.7718435790759846,-5063882.375,10040956.625,2.323554602731708,IQR,Valor extremo severo; validar con la fuente original.
10822,CLI-110822,saldo_actual,19512647,True,True,4.110941549792171,-5063882.375,10040956.625,2.323554602731708,IQR,Valor extremo severo; validar con la fuente original.
10837,CLI-110837,saldo_actual,17437976,True,True,3.5874273341304854,-5063882.375,10040956.625,2.323554602731708,IQR,Valor extremo severo; validar con la fuente original.
10880,CLI-110880,saldo_actual,19530919,True,True,4.115552233485427,-5063882.375,10040956.625,2.323554602731708,IQR,Valor extremo severo; validar con la fuente original.
10886,CLI-110886,saldo_actual,16050196,True,True,3.2372404571697655,-5063882.375,10040956.625,2.323554602731708,IQR,Valor extremo severo; validar con la fuente original.
10902,CLI-110902,saldo_actual,13451254,True,False,2.5814337858082763,-5063882.375,10040956.625,2.323554602731708,IQR,Posible valor extremo real debido a la distribución asimétrica; validar antes de eliminar.
10908,CLI-110908,saldo_actual,13778339,True,False,2.663969111761019,-5063882.375,10040956.625,2.323554602731708,IQR,Posible valor extremo real debido a la distribución asimétrica; validar antes de eliminar.
10918,CLI-110918,saldo_actual,14293744,True,False,2.7940243563386464,-5063882.375,10040956.625,2.323554602731708,IQR,Posible valor extremo real debido a la distribución asimétrica; validar antes de eliminar.
10943,CLI-110943,saldo_actual,12106637,True,False,2.2421384883271966,-5063882.375,10040956.625,2.323554602731708,IQR,Posible valor extremo real debido a la distribución asimétrica; validar antes de eliminar.
10967,CLI-110967,saldo_actual,11411350,True,False,2.0666925364318036,-5063882.375,10040956.625,2.323554602731708,IQR,Posible valor extremo real debido a la distribución asimétrica; validar antes de eliminar.
10976,CLI-110976,saldo_actual,13556742,True,False,2.6080522075154864,-5063882.375,10040956.625,2.323554602731708,IQR,Posible valor extremo real debido a la distribución asimétrica; validar antes de eliminar.
11018,CLI-111018,saldo_actual,17070238,True,True,3.4946337920994854,-5063882.375,10040956.625,2.323554602731708,IQR,Valor extremo severo; validar con la fuente original.
11029,CLI-111029,saldo_actual,15710543,True,True,3.1515337721618106,-5063882.375,10040956.625,2.323554602731708,IQR,Valor extremo severo; validar con la fuente original.
11036,CLI-111036,saldo_actual,15141135,True,True,3.0078516256858205,-5063882.375,10040956.625,2.323554602731708,IQR,Valor extremo severo; validar con la fuente original.
11037,CLI-111037,saldo_actual,13269028,True,False,2.5354516028678646,-5063882.375,10040956.625,2.323554602731708,IQR,Posible valor extremo real debido a la distribución asimétrica; validar antes de eliminar.
11043,CLI-111043,saldo_actual,25814178,True,True,5.701044780103289,-5063882.375,10040956.625,2.323554602731708,IQR,Valor extremo severo; validar con la fuente original.
11054,CLI-111054,saldo_actual,10080460,True,False,1.7308610554490453,-5063882.375,10040956.625,2.323554602731708,IQR,Posible valor extremo real debido a la distribución asimétrica; validar antes de eliminar.
11079,CLI-111079,saldo_actual,14286715,True,False,2.792250686478757,-5063882.375,10040956.625,2.323554602731708,IQR,Posible valor extremo real debido a la distribución asimétrica; validar antes de eliminar.
11099,CLI-111099,saldo_actual,13992477,True,False,2.718003841659572,-5063882.375,10040956.625,2.323554602731708,IQR,Posible valor extremo real debido a la distribución asimétrica; validar antes de eliminar.
11136,CLI-111136,saldo_actual,17344892,True,True,3.5639388883717835,-5063882.375,10040956.625,2.323554602731708,IQR,Valor extremo severo; validar con la fuente original.
11157,CLI-111157,saldo_actual,10626085,True,False,1.8685418944449184,-5063882.375,10040956.625,2.323554602731708,IQR,Posible valor extremo real debido a la distribución asimétrica; validar antes de eliminar.
11162,CLI-111162,saldo_actual,10561701,True,False,1.8522954923594013,-5063882.375,10040956.625,2.323554602731708,IQR,Posible valor extremo real debido a la distribución asimétrica; validar antes de eliminar.
11173,CLI-111173,saldo_actual,12311316,True,False,2.293786371845797,-5063882.375,10040956.625,2.323554602731708,IQR,Posible valor extremo real debido a la distribución asimétrica; validar antes de eliminar.
11194,CLI-111194,saldo_actual,10568476,True,False,1.8540050688711025,-5063882.375,10040956.625,2.323554602731708,IQR,Posible valor extremo real debido a la distribución asimétrica; validar antes de eliminar.
11210,CLI-111210,saldo_actual,18718931,True,True,3.9106584161299516,-5063882.375,10040956.625,2.323554602731708,IQR,Valor extremo severo; validar con la fuente original.
11261,CLI-111261,saldo_actual,22276502,True,True,4.808361710640627,-5063882.375,10040956.625,2.323554602731708,IQR,Valor extremo severo; validar con la fuente original.
11284,CLI-111284,saldo_actual,13944108,True,False,2.705798600878099,-5063882.375,10040956.625,2.323554602731708,IQR,Posible valor extremo real debido a la distribución asimétrica; validar antes de eliminar.
11305,CLI-111305,saldo_actual,16853964,True,True,3.440060072469715,-5063882.375,10040956.625,2.323554602731708,IQR,Valor extremo severo; validar con la fuente original.
11314,CLI-111314,saldo_actual,10922398,True,False,1.9433123364983145,-5063882.375,10040956.625,2.323554602731708,IQR,Posible valor extremo real debido a la distribución asimétrica; validar antes de eliminar.
11315,CLI-111315,saldo_actual,12439273,True,False,2.32607453150746,-5063882.375,10040956.625,2.323554602731708,IQR,Posible valor extremo real debido a la distribución asimétrica; validar antes de eliminar.
11334,CLI-111334,saldo_actual,16908791,True,True,3.4538948992456633,-5063882.375,10040956.625,2.323554602731708,IQR,Valor extremo severo; validar con la fuente original.
11340,CLI-111340,saldo_actual,10939288,True,False,1.9475742918167847,-5063882.375,10040956.625,2.323554602731708,IQR,Posible valor extremo real debido a la distribución asimétrica; validar antes de eliminar.
11350,CLI-111350,saldo_actual,12758418,True,False,2.4066063094892938,-5063882.375,10040956.625,2.323554602731708,IQR,Posible valor extremo real debido a la distribución asimétrica; validar antes de eliminar.
11360,CLI-111360,saldo_actual,16115134,True,True,3.2536266534084164,-5063882.375,10040956.625,2.323554602731708,IQR,Valor extremo severo; validar con la fuente original.
11376,CLI-111376,saldo_actual,12033605,True,False,2.2237098843710976,-5063882.375,10040956.625,2.323554602731708,IQR,Posible valor extremo real debido a la distribución asimétrica; validar antes de eliminar.
11408,CLI-111408,saldo_actual,16982329,True,True,3.472451185226105,-5063882.375,10040956.625,2.323554602731708,IQR,Valor extremo severo; validar con la fuente original.
11428,CLI-111428,saldo_actual,11414674,True,False,2.0675313013506074,-5063882.375,10040956.625,2.323554602731708,IQR,Posible valor extremo real debido a la distribución asimétrica; validar antes de eliminar.
11434,CLI-111434,saldo_actual,11469637,True,False,2.081400445824798,-5063882.375,10040956.625,2.323554602731708,IQR,Posible valor extremo real debido a la distribución asimétrica; validar antes de eliminar.
11450,CLI-111450,saldo_actual,16449757,True,True,3.3380640882534403,-5063882.375,10040956.625,2.323554602731708,IQR,Valor extremo severo; validar con la fuente original.
11465,CLI-111465,saldo_actual,12348348,True,False,2.303130879208354,-5063882.375,10040956.625,2.323554602731708,IQR,Posible valor extremo real debido a la distribución asimétrica; validar antes de eliminar.
11520,CLI-111520,saldo_actual,18996446,True,True,3.98068544574542,-5063882.375,10040956.625,2.323554602731708,IQR,Valor extremo severo; validar con la fuente original.
11530,CLI-111530,saldo_actual,21129220,True,True,4.5188611409730655,-5063882.375,10040956.625,2.323554602731708,IQR,Valor extremo severo; validar con la fuente original.
11532,CLI-111532,saldo_actual,16318565,True,True,3.304959621578441,-5063882.375,10040956.625,2.323554602731708,IQR,Valor extremo severo; validar con la fuente original.
11534,CLI-111534,saldo_actual,10462252,True,False,1.8272009278557575,-5063882.375,10040956.625,2.323554602731708,IQR,Posible valor extremo real debido a la distribución asimétrica; validar antes de eliminar.
11535,CLI-111535,saldo_actual,14755260,True,False,2.9104814653237905,-5063882.375,10040956.625,2.323554602731708,IQR,Posible valor extremo real debido a la distribución asimétrica; validar antes de eliminar.
11539,CLI-111539,saldo_actual,10042287,True,False,1.7212286326916761,-5063882.375,10040956.625,2.323554602731708,IQR,Posible valor extremo real debido a la distribución asimétrica; validar antes de eliminar.
11550,CLI-111550,saldo_actual,11007240,True,False,1.9647210288091284,-5063882.375,10040956.625,2.323554602731708,IQR,Posible valor extremo real debido a la distribución asimétrica; validar antes de eliminar.
11577,CLI-111577,saldo_actual,14007819,True,False,2.72187518082452,-5063882.375,10040956.625,2.323554602731708,IQR,Posible valor extremo real debido a la distribución asimétrica; validar antes de eliminar.
11595,CLI-111595,saldo_actual,11836525,True,False,2.173979502241784,-5063882.375,10040956.625,2.323554602731708,IQR,Posible valor extremo real debido a la distribución asimétrica; validar antes de eliminar.
11596,CLI-111596,saldo_actual,16412210,True,True,3.3285896278423923,-5063882.375,10040956.625,2.323554602731708,IQR,Valor extremo severo; validar con la fuente original.
11601,CLI-111601,saldo_actual,17720927,True,True,3.6588260623315785,-5063882.375,10040956.625,2.323554602731708,IQR,Valor extremo severo; validar con la fuente original.
11608,CLI-111608,saldo_actual,13937053,True,False,2.7040183702817813,-5063882.375,10040956.625,2.323554602731708,IQR,Posible valor extremo real debido a la distribución asimétrica; validar antes de eliminar.
11609,CLI-111609,saldo_actual,26370859,True,True,5.841515446097445,-5063882.375,10040956.625,2.323554602731708,IQR,Valor extremo severo; validar con la fuente original.
11631,CLI-111631,saldo_actual,10070071,True,False,1.7282395365737588,-5063882.375,10040956.625,2.323554602731708,IQR,Posible valor extremo real debido a la distribución asimétrica; validar antes de eliminar.
11634,CLI-111634,saldo_actual,19275747,True,True,4.051163147486334,-5063882.375,10040956.625,2.323554602731708,IQR,Valor extremo severo; validar con la fuente original.
11640,CLI-111640,saldo_actual,14765059,True,False,2.9129541059493493,-5063882.375,10040956.625,2.323554602731708,IQR,Posible valor extremo real debido a la distribución asimétrica; validar antes de eliminar.
11641,CLI-111641,saldo_actual,11485322,True,False,2.085358336243401,-5063882.375,10040956.625,2.323554602731708,IQR,Posible valor extremo real debido a la distribución asimétrica; validar antes de eliminar.
11655,CLI-111655,saldo_actual,22020921,True,True,4.7438694192107915,-5063882.375,10040956.625,2.323554602731708,IQR,Valor extremo severo; validar con la fuente original.
11724,CLI-111724,saldo_actual,14334155,True,False,2.804221507100914,-5063882.375,10040956.625,2.323554602731708,IQR,Posible valor extremo real debido a la distribución asimétrica; validar antes de eliminar.
11737,CLI-111737,saldo_actual,10387338,True,False,1.8082974275166293,-5063882.375,10040956.625,2.323554602731708,IQR,Posible valor extremo real debido a la distribución asimétrica; validar antes de eliminar.
11741,CLI-111741,saldo_actual,11294518,True,False,2.0372116149535615,-5063882.375,10040956.625,2.323554602731708,IQR,Posible valor extremo real debido a la distribución asimétrica; validar antes de eliminar.
11749,CLI-111749,saldo_actual,10348916,True,False,1.798602173091155,-5063882.375,10040956.625,2.323554602731708,IQR,Posible valor extremo real debido a la distribución asimétrica; validar antes de eliminar.
11763,CLI-111763,saldo_actual,18235140,True,True,3.7885805223775533,-5063882.375,10040956.625,2.323554602731708,IQR,Valor extremo severo; validar con la fuente original.
11787,CLI-111787,saldo_actual,18920250,True,True,3.9614584506331547,-5063882.375,10040956.625,2.323554602731708,IQR,Valor extremo severo; validar con la fuente original.
11798,CLI-111798,saldo_actual,14355263,True,False,2.809547815736927,-5063882.375,10040956.625,2.323554602731708,IQR,Posible valor extremo real debido a la distribución asimétrica; validar antes de eliminar.
11822,CLI-111822,saldo_actual,11883068,True,False,2.1857239774571515,-5063882.375,10040956.625,2.323554602731708,IQR,Posible valor extremo real debido a la distribución asimétrica; validar antes de eliminar.
11864,CLI-111864,saldo_actual,26570924,True,True,5.891999051235973,-5063882.375,10040956.625,2.323554602731708,IQR,Valor extremo severo; validar con la fuente original.
11871,CLI-111871,saldo_actual,10260773,True,False,1.7763605195899166,-5063882.375,10040956.625,2.323554602731708,IQR,Posible valor extremo real debido a la distribución asimétrica; validar antes de eliminar.
11872,CLI-111872,saldo_actual,10148947,True,False,1.7481427922102097,-5063882.375,10040956.625,2.323554602731708,IQR,Posible valor extremo real debido a la distribución asimétrica; validar antes de eliminar.
11894,CLI-111894,saldo_actual,11953395,True,False,2.2034700124886526,-5063882.375,10040956.625,2.323554602731708,IQR,Posible valor extremo real debido a la distribución asimétrica; validar antes de eliminar.
11903,CLI-111903,saldo_actual,14333944,True,False,2.804168264201435,-5063882.375,10040956.625,2.323554602731708,IQR,Posible valor extremo real debido a la distribución asimétrica; validar antes de eliminar.
11915,CLI-111915,saldo_actual,20946843,True,True,4.472840855294164,-5063882.375,10040956.625,2.323554602731708,IQR,Valor extremo severo; validar con la fuente original.
11925,CLI-111925,saldo_actual,13527112,True,False,2.6005754913469685,-5063882.375,10040956.625,2.323554602731708,IQR,Posible valor extremo real debido a la distribución asimétrica; validar antes de eliminar.
11930,CLI-111930,saldo_actual,11420538,True,False,2.069010999751289,-5063882.375,10040956.625,2.323554602731708,IQR,Posible valor extremo real debido a la distribución asimétrica; validar antes de eliminar.
11986,CLI-111986,saldo_actual,12567508,True,False,2.3584328405817065,-5063882.375,10040956.625,2.323554602731708,IQR,Posible valor extremo real debido a la distribución asimétrica; validar antes de eliminar.
12062,CLI-112062,saldo_actual,10336329,True,False,1.7954260196516296,-5063882.375,10040956.625,2.323554602731708,IQR,Posible valor extremo real debido a la distribución asimétrica; validar antes de eliminar.
12074,CLI-112074,saldo_actual,10733478,True,False,1.895641016263537,-5063882.375,10040956.625,2.323554602731708,IQR,Posible valor extremo real debido a la distribución asimétrica; validar antes de eliminar.
12077,CLI-112077,saldo_actual,19380652,True,True,4.077634457295932,-5063882.375,10040956.625,2.323554602731708,IQR,Valor extremo severo; validar con la fuente original.
12103,CLI-112103,saldo_actual,14295176,True,False,2.794385701514256,-5063882.375,10040956.625,2.323554602731708,IQR,Posible valor extremo real debido a la distribución asimétrica; validar antes de eliminar.
12123,CLI-112123,saldo_actual,13261285,True,False,2.5334977650922035,-5063882.375,10040956.625,2.323554602731708,IQR,Posible valor extremo real debido a la distribución asimétrica; validar antes de eliminar.
12137,CLI-112137,saldo_actual,22406100,True,True,4.841063953705346,-5063882.375,10040956.625,2.323554602731708,IQR,Valor extremo severo; validar con la fuente original.
12149,CLI-112149,saldo_actual,13609489,True,False,2.6213621753771412,-5063882.375,10040956.625,2.323554602731708,IQR,Posible valor extremo real debido a la distribución asimétrica; validar antes de eliminar.
12171,CLI-112171,saldo_actual,10487990,True,False,1.8336955522481073,-5063882.375,10040956.625,2.323554602731708,IQR,Posible valor extremo real debido a la distribución asimétrica; validar antes de eliminar.
12217,CLI-112217,saldo_actual,10204332,True,False,1.7621184224833577,-5063882.375,10040956.625,2.323554602731708,IQR,Posible valor extremo real debido a la distribución asimétrica; validar antes de eliminar.
12264,CLI-112264,saldo_actual,17383145,True,True,3.5735914980104715,-5063882.375,10040956.625,2.323554602731708,IQR,Valor extremo severo; validar con la fuente original.
12270,CLI-112270,saldo_actual,11772746,True,False,2.1578857634462416,-5063882.375,10040956.625,2.323554602731708,IQR,Posible valor extremo real debido a la distribución asimétrica; validar antes de eliminar.
12271,CLI-112271,saldo_actual,15996435,True,True,3.2236746205873925,-5063882.375,10040956.625,2.323554602731708,IQR,Valor extremo severo; validar con la fuente original.
12343,CLI-112343,saldo_actual,11338597,True,False,2.0483343342243048,-5063882.375,10040956.625,2.323554602731708,IQR,Posible valor extremo real debido a la distribución asimétrica; validar antes de eliminar.
12372,CLI-112372,saldo_actual,12162170,True,False,2.256151464330785,-5063882.375,10040956.625,2.323554602731708,IQR,Posible valor extremo real debido a la distribución asimétrica; validar antes de eliminar.
12398,CLI-112398,saldo_actual,20655700,True,True,4.399374990446008,-5063882.375,10040956.625,2.323554602731708,IQR,Valor extremo severo; validar con la fuente original.
12430,CLI-112430,saldo_actual,10619983,True,False,1.8670021400723131,-5063882.375,10040956.625,2.323554602731708,IQR,Posible valor extremo real debido a la distribución asimétrica; validar antes de eliminar.
12450,CLI-112450,saldo_actual,10921357,True,False,1.943049654705151,-5063882.375,10040956.625,2.323554602731708,IQR,Posible valor extremo real debido a la distribución asimétrica; validar antes de eliminar.
12452,CLI-112452,saldo_actual,11324134,True,False,2.044684798417849,-5063882.375,10040956.625,2.323554602731708,IQR,Posible valor extremo real debido a la distribución asimétrica; validar antes de eliminar.
12466,CLI-112466,saldo_actual,10324850,True,False,1.792529454518372,-5063882.375,10040956.625,2.323554602731708,IQR,Posible valor extremo real debido a la distribución asimétrica; validar antes de eliminar.
12495,CLI-112495,saldo_actual,15852888,True,True,3.187452542428693,-5063882.375,10040956.625,2.323554602731708,IQR,Valor extremo severo; validar con la fuente original.
12513,CLI-112513,saldo_actual,18235135,True,True,3.7885792606974706,-5063882.375,10040956.625,2.323554602731708,IQR,Valor extremo severo; validar con la fuente original.
12527,CLI-112527,saldo_actual,12329587,True,False,2.298396803203036,-5063882.375,10040956.625,2.323554602731708,IQR,Posible valor extremo real debido a la distribución asimétrica; validar antes de eliminar.
12532,CLI-112532,saldo_actual,10564647,True,False,1.8530388742639727,-5063882.375,10040956.625,2.323554602731708,IQR,Posible valor extremo real debido a la distribución asimétrica; validar antes de eliminar.
12540,CLI-112540,saldo_actual,16474392,True,True,3.3442803860196046,-5063882.375,10040956.625,2.323554602731708,IQR,Valor extremo severo; validar con la fuente original.
12596,CLI-112596,saldo_actual,10991759,True,False,1.9608146149378887,-5063882.375,10040956.625,2.323554602731708,IQR,Posible valor extremo real debido a la distribución asimétrica; validar antes de eliminar.
12607,CLI-112607,saldo_actual,13764197,True,False,2.6604005758158555,-5063882.375,10040956.625,2.323554602731708,IQR,Posible valor extremo real debido a la distribución asimétrica; validar antes de eliminar.
12615,CLI-112615,saldo_actual,12592593,True,False,2.36476268955529,-5063882.375,10040956.625,2.323554602731708,IQR,Posible valor extremo real debido a la distribución asimétrica; validar antes de eliminar.
12629,CLI-112629,saldo_actual,12046261,True,False,2.2269034489957606,-5063882.375,10040956.625,2.323554602731708,IQR,Posible valor extremo real debido a la distribución asimétrica; validar antes de eliminar.
12649,CLI-112649,saldo_actual,11838990,True,False,2.1746015105224252,-5063882.375,10040956.625,2.323554602731708,IQR,Posible valor extremo real debido a la distribución asimétrica; validar antes de eliminar.
12665,CLI-112665,saldo_actual,13964090,True,False,2.7108407791595477,-5063882.375,10040956.625,2.323554602731708,IQR,Posible valor extremo real debido a la distribución asimétrica; validar antes de eliminar.
12670,CLI-112670,saldo_actual,10456279,True,False,1.825693724829279,-5063882.375,10040956.625,2.323554602731708,IQR,Posible valor extremo real debido a la distribución asimétrica; validar antes de eliminar.
12672,CLI-112672,saldo_actual,10100902,True,False,1.7360193082980782,-5063882.375,10040956.625,2.323554602731708,IQR,Posible valor extremo real debido a la distribución asimétrica; validar antes de eliminar.
12679,CLI-112679,saldo_actual,28341857,True,True,6.338869229921845,-5063882.375,10040956.625,2.323554602731708,IQR,Valor extremo severo; validar con la fuente original.
12735,CLI-112735,saldo_actual,11741412,True,False,2.149979066705629,-5063882.375,10040956.625,2.323554602731708,IQR,Posible valor extremo real debido a la distribución asimétrica; validar antes de eliminar.
12737,CLI-112737,saldo_actual,22138802,True,True,4.773615041170329,-5063882.375,10040956.625,2.323554602731708,IQR,Valor extremo severo; validar con la fuente original.
12756,CLI-112756,saldo_actual,11577626,True,False,2.108649959909243,-5063882.375,10040956.625,2.323554602731708,IQR,Posible valor extremo real debido a la distribución asimétrica; validar antes de eliminar.
12765,CLI-112765,saldo_actual,19940429,True,True,4.218886355597133,-5063882.375,10040956.625,2.323554602731708,IQR,Valor extremo severo; validar con la fuente original.
12792,CLI-112792,saldo_actual,17419251,True,True,3.5827023422217614,-5063882.375,10040956.625,2.323554602731708,IQR,Valor extremo severo; validar con la fuente original.
12801,CLI-112801,saldo_actual,11236121,True,False,2.022475948598754,-5063882.375,10040956.625,2.323554602731708,IQR,Posible valor extremo real debido a la distribución asimétrica; validar antes de eliminar.
12818,CLI-112818,saldo_actual,21611141,True,True,4.640467166374632,-5063882.375,10040956.625,2.323554602731708,IQR,Valor extremo severo; validar con la fuente original.
12834,CLI-112834,saldo_actual,12176911,True,False,2.259871149549824,-5063882.375,10040956.625,2.323554602731708,IQR,Posible valor extremo real debido a la distribución asimétrica; validar antes de eliminar.
12840,CLI-112840,saldo_actual,11231777,True,False,2.021379800943133,-5063882.375,10040956.625,2.323554602731708,IQR,Posible valor extremo real debido a la distribución asimétrica; validar antes de eliminar.
12842,CLI-112842,saldo_actual,10051348,True,False,1.7235150493370675,-5063882.375,10040956.625,2.323554602731708,IQR,Posible valor extremo real debido a la distribución asimétrica; validar antes de eliminar.
12883,CLI-112883,saldo_actual,12802970,True,False,2.417848383695835,-5063882.375,10040956.625,2.323554602731708,IQR,Posible valor extremo real debido a la distribución asimétrica; validar antes de eliminar.
12912,CLI-112912,saldo_actual,12416109,True,False,2.3202294200215485,-5063882.375,10040956.625,2.323554602731708,IQR,Posible valor extremo real debido a la distribución asimétrica; validar antes de eliminar.
12933,CLI-112933,saldo_actual,28026006,True,True,6.2591686467783205,-5063882.375,10040956.625,2.323554602731708,IQR,Valor extremo severo; validar con la fuente original.
12943,CLI-112943,saldo_actual,15232103,True,True,3.0308061284336354,-5063882.375,10040956.625,2.323554602731708,IQR,Valor extremo severo; validar con la fuente original.
12950,CLI-112950,saldo_actual,16194554,True,True,3.2736671798378367,-5063882.375,10040956.625,2.323554602731708,IQR,Valor extremo severo; validar con la fuente original.
12960,CLI-112960,saldo_actual,17129359,True,True,3.50955214973023,-5063882.375,10040956.625,2.323554602731708,IQR,Valor extremo severo; validar con la fuente original.
12963,CLI-112963,saldo_actual,11294072,True,False,2.0370990730902085,-5063882.375,10040956.625,2.323554602731708,IQR,Posible valor extremo real debido a la distribución asimétrica; validar antes de eliminar.
12970,CLI-112970,saldo_actual,11399382,True,False,2.063672578986484,-5063882.375,10040956.625,2.323554602731708,IQR,Posible valor extremo real debido a la distribución asimétrica; validar antes de eliminar.
12971,CLI-112971,saldo_actual,12909577,True,False,2.444749169405495,-5063882.375,10040956.625,2.323554602731708,IQR,Posible valor extremo real debido a la distribución asimétrica; validar antes de eliminar.
12975,CLI-112975,saldo_actual,10482072,True,False,1.8322022277025354,-5063882.375,10040956.625,2.323554602731708,IQR,Posible valor extremo real debido a la distribución asimétrica; validar antes de eliminar.
12978,CLI-112978,saldo_actual,11405067,True,False,2.0651071092402145,-5063882.375,10040956.625,2.323554602731708,IQR,Posible valor extremo real debido a la distribución asimétrica; validar antes de eliminar.
12993,CLI-112993,saldo_actual,13285876,True,False,2.5397029600736425,-5063882.375,10040956.625,2.323554602731708,IQR,Posible valor extremo real debido a la distribución asimétrica; validar antes de eliminar.
12999,CLI-112999,saldo_actual,12188531,True,False,2.2628032940614062,-5063882.375,10040956.625,2.323554602731708,IQR,Posible valor extremo real debido a la distribución asimétrica; validar antes de eliminar.
13016,CLI-113016,saldo_actual,11649543,True,False,2.126797209206959,-5063882.375,10040956.625,2.323554602731708,IQR,Posible valor extremo real debido a la distribución asimétrica; validar antes de eliminar.
13039,CLI-113039,saldo_actual,16296950,True,True,3.2995053785820683,-5063882.375,10040956.625,2.323554602731708,IQR,Valor extremo severo; validar con la fuente original.
13077,CLI-113077,saldo_actual,13542465,True,False,2.6044496062080977,-5063882.375,10040956.625,2.323554602731708,IQR,Posible valor extremo real debido a la distribución asimétrica; validar antes de eliminar.
13094,CLI-113094,saldo_actual,10291826,True,False,1.784196309909896,-5063882.375,10040956.625,2.323554602731708,IQR,Posible valor extremo real debido a la distribución asimétrica; validar antes de eliminar.
13101,CLI-113101,saldo_actual,17034694,True,True,3.4856647607294615,-5063882.375,10040956.625,2.323554602731708,IQR,Valor extremo severo; validar con la fuente original.
13110,CLI-113110,saldo_actual,30176351,True,True,6.801778138151665,-5063882.375,10040956.625,2.323554602731708,IQR,Valor extremo severo; validar con la fuente original.
13111,CLI-113111,saldo_actual,11435836,True,False,2.0728712361315114,-5063882.375,10040956.625,2.323554602731708,IQR,Posible valor extremo real debido a la distribución asimétrica; validar antes de eliminar.
13121,CLI-113121,saldo_actual,12388886,True,False,2.3133600766447153,-5063882.375,10040956.625,2.323554602731708,IQR,Posible valor extremo real debido a la distribución asimétrica; validar antes de eliminar.
13125,CLI-113125,saldo_actual,12248017,True,False,2.2778137543381685,-5063882.375,10040956.625,2.323554602731708,IQR,Posible valor extremo real debido a la distribución asimétrica; validar antes de eliminar.
13127,CLI-113127,saldo_actual,14309163,True,False,2.7979151253768637,-5063882.375,10040956.625,2.323554602731708,IQR,Posible valor extremo real debido a la distribución asimétrica; validar antes de eliminar.
13175,CLI-113175,saldo_actual,12909879,True,False,2.4448253748824738,-5063882.375,10040956.625,2.323554602731708,IQR,Posible valor extremo real debido a la distribución asimétrica; validar antes de eliminar.
13184,CLI-113184,saldo_actual,17535416,True,True,3.6120149555770062,-5063882.375,10040956.625,2.323554602731708,IQR,Valor extremo severo; validar con la fuente original.
13191,CLI-113191,saldo_actual,10129014,True,False,1.7431129783935688,-5063882.375,10040956.625,2.323554602731708,IQR,Posible valor extremo real debido a la distribución asimétrica; validar antes de eliminar.
13192,CLI-113192,saldo_actual,12885966,True,False,2.4387912637202134,-5063882.375,10040956.625,2.323554602731708,IQR,Posible valor extremo real debido a la distribución asimétrica; validar antes de eliminar.
13213,CLI-113213,saldo_actual,23222245,True,True,5.047006731881359,-5063882.375,10040956.625,2.323554602731708,IQR,Valor extremo severo; validar con la fuente original.
13254,CLI-113254,saldo_actual,20382417,True,True,4.330415846852314,-5063882.375,10040956.625,2.323554602731708,IQR,Valor extremo severo; validar con la fuente original.
13278,CLI-113278,saldo_actual,13021204,True,False,2.4729166819179205,-5063882.375,10040956.625,2.323554602731708,IQR,Posible valor extremo real debido a la distribución asimétrica; validar antes de eliminar.
13291,CLI-113291,saldo_actual,11294845,True,False,2.037294128830953,-5063882.375,10040956.625,2.323554602731708,IQR,Posible valor extremo real debido a la distribución asimétrica; validar antes de eliminar.
13329,CLI-113329,saldo_actual,14413934,True,False,2.824352622160253,-5063882.375,10040956.625,2.323554602731708,IQR,Posible valor extremo real debido a la distribución asimétrica; validar antes de eliminar.
13330,CLI-113330,saldo_actual,13194329,True,False,2.516602354772281,-5063882.375,10040956.625,2.323554602731708,IQR,Posible valor extremo real debido a la distribución asimétrica; validar antes de eliminar.
13345,CLI-113345,saldo_actual,15492489,True,True,3.096510894422693,-5063882.375,10040956.625,2.323554602731708,IQR,Valor extremo severo; validar con la fuente original.
13364,CLI-113364,saldo_actual,11594954,True,False,2.113022438402935,-5063882.375,10040956.625,2.323554602731708,IQR,Posible valor extremo real debido a la distribución asimétrica; validar antes de eliminar.
13401,CLI-113401,saldo_actual,12430467,True,False,2.323852460546273,-5063882.375,10040956.625,2.323554602731708,IQR,Posible valor extremo real debido a la distribución asimétrica; validar antes de eliminar.
13422,CLI-113422,saldo_actual,11736122,True,False,2.1486442091784115,-5063882.375,10040956.625,2.323554602731708,IQR,Posible valor extremo real debido a la distribución asimétrica; validar antes de eliminar.
13449,CLI-113449,saldo_actual,10142348,True,False,1.74647762683741,-5063882.375,10040956.625,2.323554602731708,IQR,Posible valor extremo real debido a la distribución asimétrica; validar antes de eliminar.
13477,CLI-113477,saldo_actual,10484294,True,False,1.8327629183311702,-5063882.375,10040956.625,2.323554602731708,IQR,Posible valor extremo real debido a la distribución asimétrica; validar antes de eliminar.
13489,CLI-113489,saldo_actual,15549160,True,True,3.110811028813044,-5063882.375,10040956.625,2.323554602731708,IQR,Valor extremo severo; validar con la fuente original.
13522,CLI-113522,saldo_actual,11134235,True,False,1.9967664412229307,-5063882.375,10040956.625,2.323554602731708,IQR,Posible valor extremo real debido a la distribución asimétrica; validar antes de eliminar.
13525,CLI-113525,saldo_actual,14037311,True,False,2.729317074622763,-5063882.375,10040956.625,2.323554602731708,IQR,Posible valor extremo real debido a la distribución asimétrica; validar antes de eliminar.
13526,CLI-113526,saldo_actual,21542504,True,True,4.623147579210995,-5063882.375,10040956.625,2.323554602731708,IQR,Valor extremo severo; validar con la fuente original.
13531,CLI-113531,saldo_actual,11250241,True,False,2.0260389331515545,-5063882.375,10040956.625,2.323554602731708,IQR,Posible valor extremo real debido a la distribución asimétrica; validar antes de eliminar.
13556,CLI-113556,saldo_actual,14984327,True,False,2.9682833196124827,-5063882.375,10040956.625,2.323554602731708,IQR,Posible valor extremo real debido a la distribución asimétrica; validar antes de eliminar.
13558,CLI-113558,saldo_actual,17332960,True,True,3.560928015023057,-5063882.375,10040956.625,2.323554602731708,IQR,Valor extremo severo; validar con la fuente original.
13561,CLI-113561,saldo_actual,11238511,True,False,2.0230790316781584,-5063882.375,10040956.625,2.323554602731708,IQR,Posible valor extremo real debido a la distribución asimétrica; validar antes de eliminar.
13588,CLI-113588,saldo_actual,23287915,True,True,5.0635776380840785,-5063882.375,10040956.625,2.323554602731708,IQR,Valor extremo severo; validar con la fuente original.
13614,CLI-113614,saldo_actual,15460786,True,True,3.0885110856919966,-5063882.375,10040956.625,2.323554602731708,IQR,Valor extremo severo; validar con la fuente original.
13630,CLI-113630,saldo_actual,11268615,True,False,2.0306753551184915,-5063882.375,10040956.625,2.323554602731708,IQR,Posible valor extremo real debido a la distribución asimétrica; validar antes de eliminar.
13639,CLI-113639,saldo_actual,13722305,True,False,2.6498297154131705,-5063882.375,10040956.625,2.323554602731708,IQR,Posible valor extremo real debido a la distribución asimétrica; validar antes de eliminar.
13643,CLI-113643,saldo_actual,12560814,True,False,2.3567437032873406,-5063882.375,10040956.625,2.323554602731708,IQR,Posible valor extremo real debido a la distribución asimétrica; validar antes de eliminar.
13662,CLI-113662,saldo_actual,10394814,True,False,1.8101838915758883,-5063882.375,10040956.625,2.323554602731708,IQR,Posible valor extremo real debido a la distribución asimétrica; validar antes de eliminar.
13691,CLI-113691,saldo_actual,14772213,True,False,2.9147593178112996,-5063882.375,10040956.625,2.323554602731708,IQR,Posible valor extremo real debido a la distribución asimétrica; validar antes de eliminar.
13695,CLI-113695,saldo_actual,11909033,True,False,2.192275882125244,-5063882.375,10040956.625,2.323554602731708,IQR,Posible valor extremo real debido a la distribución asimétrica; validar antes de eliminar.
13697,CLI-113697,saldo_actual,10212613,True,False,1.764208017035889,-5063882.375,10040956.625,2.323554602731708,IQR,Posible valor extremo real debido a la distribución asimétrica; validar antes de eliminar.
13709,CLI-113709,saldo_actual,10805821,True,False,1.9138957607042766,-5063882.375,10040956.625,2.323554602731708,IQR,Posible valor extremo real debido a la distribución asimétrica; validar antes de eliminar.
13711,CLI-113711,saldo_actual,14584942,True,False,2.86750409966771,-5063882.375,10040956.625,2.323554602731708,IQR,Posible valor extremo real debido a la distribución asimétrica; validar antes de eliminar.
13721,CLI-113721,saldo_actual,11096993,True,False,1.9873689432969113,-5063882.375,10040956.625,2.323554602731708,IQR,Posible valor extremo real debido a la distribución asimétrica; validar antes de eliminar.
13733,CLI-113733,saldo_actual,14897125,True,False,2.946279114302759,-5063882.375,10040956.625,2.323554602731708,IQR,Posible valor extremo real debido a la distribución asimétrica; validar antes de eliminar.
13756,CLI-113756,saldo_actual,10146199,True,False,1.7474493728369027,-5063882.375,10040956.625,2.323554602731708,IQR,Posible valor extremo real debido a la distribución asimétrica; validar antes de eliminar.
13767,CLI-113767,saldo_actual,26038227,True,True,5.757580412261247,-5063882.375,10040956.625,2.323554602731708,IQR,Valor extremo severo; validar con la fuente original.
13798,CLI-113798,saldo_actual,13268350,True,False,2.5352805190486865,-5063882.375,10040956.625,2.323554602731708,IQR,Posible valor extremo real debido a la distribución asimétrica; validar antes de eliminar.
13804,CLI-113804,saldo_actual,10139796,True,False,1.7458336653233346,-5063882.375,10040956.625,2.323554602731708,IQR,Posible valor extremo real debido a la distribución asimétrica; validar antes de eliminar.
13822,CLI-113822,saldo_actual,11789928,True,False,2.162221400881526,-5063882.375,10040956.625,2.323554602731708,IQR,Posible valor extremo real debido a la distribución asimétrica; validar antes de eliminar.
13825,CLI-113825,saldo_actual,15727635,True,True,3.1558466993556116,-5063882.375,10040956.625,2.323554602731708,IQR,Valor extremo severo; validar con la fuente original.
13832,CLI-113832,saldo_actual,21465433,True,True,4.603699790084304,-5063882.375,10040956.625,2.323554602731708,IQR,Valor extremo severo; validar con la fuente original.
13833,CLI-113833,saldo_actual,15742740,True,True,3.1596582348846516,-5063882.375,10040956.625,2.323554602731708,IQR,Valor extremo severo; validar con la fuente original.
13837,CLI-113837,saldo_actual,10655206,True,False,1.8758901715810445,-5063882.375,10040956.625,2.323554602731708,IQR,Posible valor extremo real debido a la distribución asimétrica; validar antes de eliminar.
13844,CLI-113844,saldo_actual,12556656,True,False,2.355694490130787,-5063882.375,10040956.625,2.323554602731708,IQR,Posible valor extremo real debido a la distribución asimétrica; validar antes de eliminar.
13858,CLI-113858,saldo_actual,10882563,True,False,1.9332605312815434,-5063882.375,10040956.625,2.323554602731708,IQR,Posible valor extremo real debido a la distribución asimétrica; validar antes de eliminar.
13891,CLI-113891,saldo_actual,27211332,True,True,6.053597054882561,-5063882.375,10040956.625,2.323554602731708,IQR,Valor extremo severo; validar con la fuente original.
13929,CLI-113929,saldo_actual,14408791,True,False,2.8230548580274584,-5063882.375,10040956.625,2.323554602731708,IQR,Posible valor extremo real debido a la distribución asimétrica; validar antes de eliminar.
13937,CLI-113937,saldo_actual,19092151,True,True,4.004835264203335,-5063882.375,10040956.625,2.323554602731708,IQR,Valor extremo severo; validar con la fuente original.
14006,CLI-114006,saldo_actual,15125501,True,True,3.0039066044040585,-5063882.375,10040956.625,2.323554602731708,IQR,Valor extremo severo; validar con la fuente original.
14029,CLI-114029,saldo_actual,11587763,True,False,2.111207890108375,-5063882.375,10040956.625,2.323554602731708,IQR,Posible valor extremo real debido a la distribución asimétrica; validar antes de eliminar.
14036,CLI-114036,saldo_actual,10990330,True,False,1.9604540267703283,-5063882.375,10040956.625,2.323554602731708,IQR,Posible valor extremo real debido a la distribución asimétrica; validar antes de eliminar.
14044,CLI-114044,saldo_actual,20847966,True,True,4.447890626991952,-5063882.375,10040956.625,2.323554602731708,IQR,Valor extremo severo; validar con la fuente original.
14063,CLI-114063,saldo_actual,10427390,True,False,1.8184039896489779,-5063882.375,10040956.625,2.323554602731708,IQR,Posible valor extremo real debido a la distribución asimétrica; validar antes de eliminar.
14067,CLI-114067,saldo_actual,10408007,True,False,1.8135129606414049,-5063882.375,10040956.625,2.323554602731708,IQR,Posible valor extremo real debido a la distribución asimétrica; validar antes de eliminar.
14081,CLI-114081,saldo_actual,14162758,True,False,2.760971870883043,-5063882.375,10040956.625,2.323554602731708,IQR,Posible valor extremo real debido a la distribución asimétrica; validar antes de eliminar.
14102,CLI-114102,saldo_actual,11689792,True,False,2.1369534815345554,-5063882.375,10040956.625,2.323554602731708,IQR,Posible valor extremo real debido a la distribución asimétrica; validar antes de eliminar.
14112,CLI-114112,saldo_actual,20868993,True,True,4.453196496410629,-5063882.375,10040956.625,2.323554602731708,IQR,Valor extremo severo; validar con la fuente original.
14150,CLI-114150,saldo_actual,15059289,True,False,2.9871989320804024,-5063882.375,10040956.625,2.323554602731708,IQR,Posible valor extremo real debido a la distribución asimétrica; validar antes de eliminar.
14225,CLI-114225,saldo_actual,15863992,True,True,3.1902544815557676,-5063882.375,10040956.625,2.323554602731708,IQR,Valor extremo severo; validar con la fuente original.
14245,CLI-114245,saldo_actual,10501512,True,False,1.8371076398630481,-5063882.375,10040956.625,2.323554602731708,IQR,Posible valor extremo real debido a la distribución asimétrica; validar antes de eliminar.
14259,CLI-114259,saldo_actual,15063380,True,False,2.988231238723852,-5063882.375,10040956.625,2.323554602731708,IQR,Posible valor extremo real debido a la distribución asimétrica; validar antes de eliminar.
14297,CLI-114297,saldo_actual,14133296,True,False,2.753537547165295,-5063882.375,10040956.625,2.323554602731708,IQR,Posible valor extremo real debido a la distribución asimétrica; validar antes de eliminar.
14308,CLI-114308,saldo_actual,13313989,True,False,2.5467968825051495,-5063882.375,10040956.625,2.323554602731708,IQR,Posible valor extremo real debido a la distribución asimétrica; validar antes de eliminar.
14337,CLI-114337,saldo_actual,14302607,True,False,2.796260810452773,-5063882.375,10040956.625,2.323554602731708,IQR,Posible valor extremo real debido a la distribución asimétrica; validar antes de eliminar.
14386,CLI-114386,saldo_actual,11700962,True,False,2.1397720748387186,-5063882.375,10040956.625,2.323554602731708,IQR,Posible valor extremo real debido a la distribución asimétrica; validar antes de eliminar.
14389,CLI-114389,saldo_actual,12454368,True,False,2.3298835436763357,-5063882.375,10040956.625,2.323554602731708,IQR,Posible valor extremo real debido a la distribución asimétrica; validar antes de eliminar.
14399,CLI-114399,saldo_actual,12412537,True,False,2.319328075770656,-5063882.375,10040956.625,2.323554602731708,IQR,Posible valor extremo real debido a la distribución asimétrica; validar antes de eliminar.
14403,CLI-114403,saldo_actual,15763181,True,True,3.164816235397668,-5063882.375,10040956.625,2.323554602731708,IQR,Valor extremo severo; validar con la fuente original.
14415,CLI-114415,saldo_actual,22568012,True,True,4.881920182806835,-5063882.375,10040956.625,2.323554602731708,IQR,Valor extremo severo; validar con la fuente original.
14458,CLI-114458,saldo_actual,12054590,True,False,2.229005155677083,-5063882.375,10040956.625,2.323554602731708,IQR,Posible valor extremo real debido a la distribución asimétrica; validar antes de eliminar.
14463,CLI-114463,saldo_actual,13076257,True,False,2.486808536633595,-5063882.375,10040956.625,2.323554602731708,IQR,Posible valor extremo real debido a la distribución asimétrica; validar antes de eliminar.
14476,CLI-114476,saldo_actual,10748208,True,False,1.8993579257863948,-5063882.375,10040956.625,2.323554602731708,IQR,Posible valor extremo real debido a la distribución asimétrica; validar antes de eliminar.
14483,CLI-114483,saldo_actual,11750791,True,False,2.1523457262042633,-5063882.375,10040956.625,2.323554602731708,IQR,Posible valor extremo real debido a la distribución asimétrica; validar antes de eliminar.
14486,CLI-114486,saldo_actual,17429509,True,True,3.5852908050788876,-5063882.375,10040956.625,2.323554602731708,IQR,Valor extremo severo; validar con la fuente original.
14496,CLI-114496,saldo_actual,13523037,True,False,2.599547222079783,-5063882.375,10040956.625,2.323554602731708,IQR,Posible valor extremo real debido a la distribución asimétrica; validar antes de eliminar.
14501,CLI-114501,saldo_actual,10836413,True,False,1.9216152241206554,-5063882.375,10040956.625,2.323554602731708,IQR,Posible valor extremo real debido a la distribución asimétrica; validar antes de eliminar.
14503,CLI-114503,saldo_actual,15841928,True,True,3.1846869396879924,-5063882.375,10040956.625,2.323554602731708,IQR,Valor extremo severo; validar con la fuente original.
14519,CLI-114519,saldo_actual,12155649,True,False,2.2545059811672714,-5063882.375,10040956.625,2.323554602731708,IQR,Posible valor extremo real debido a la distribución asimétrica; validar antes de eliminar.
14525,CLI-114525,saldo_actual,11412937,True,False,2.067092993689969,-5063882.375,10040956.625,2.323554602731708,IQR,Posible valor extremo real debido a la distribución asimétrica; validar antes de eliminar.
14533,CLI-114533,saldo_actual,10289641,True,False,1.7836449557138714,-5063882.375,10040956.625,2.323554602731708,IQR,Posible valor extremo real debido a la distribución asimétrica; validar antes de eliminar.
14543,CLI-114543,saldo_actual,12051212,True,False,2.228152764613389,-5063882.375,10040956.625,2.323554602731708,IQR,Posible valor extremo real debido a la distribución asimétrica; validar antes de eliminar.
14548,CLI-114548,saldo_actual,10746131,True,False,1.8988338238801508,-5063882.375,10040956.625,2.323554602731708,IQR,Posible valor extremo real debido a la distribución asimétrica; validar antes de eliminar.
14573,CLI-114573,saldo_actual,13220581,True,False,2.5232266798771055,-5063882.375,10040956.625,2.323554602731708,IQR,Posible valor extremo real debido a la distribución asimétrica; validar antes de eliminar.
14582,CLI-114582,saldo_actual,10250229,True,False,1.7736998886320745,-5063882.375,10040956.625,2.323554602731708,IQR,Posible valor extremo real debido a la distribución asimétrica; validar antes de eliminar.
14584,CLI-114584,saldo_actual,12375017,True,False,2.3098604284320534,-5063882.375,10040956.625,2.323554602731708,IQR,Posible valor extremo real debido a la distribución asimétrica; validar antes de eliminar.
14612,CLI-114612,saldo_actual,10075755,True,False,1.7296738144914725,-5063882.375,10040956.625,2.323554602731708,IQR,Posible valor extremo real debido a la distribución asimétrica; validar antes de eliminar.
14633,CLI-114633,saldo_actual,13721774,True,False,2.6496957249884154,-5063882.375,10040956.625,2.323554602731708,IQR,Posible valor extremo real debido a la distribución asimétrica; validar antes de eliminar.
14634,CLI-114634,saldo_actual,10897946,True,False,1.9371422162231673,-5063882.375,10040956.625,2.323554602731708,IQR,Posible valor extremo real debido a la distribución asimétrica; validar antes de eliminar.
14635,CLI-114635,saldo_actual,10182843,True,False,1.7566959738250627,-5063882.375,10040956.625,2.323554602731708,IQR,Posible valor extremo real debido a la distribución asimétrica; validar antes de eliminar.
14641,CLI-114641,saldo_actual,16448878,True,True,3.337842284894948,-5063882.375,10040956.625,2.323554602731708,IQR,Valor extremo severo; validar con la fuente original.
14647,CLI-114647,saldo_actual,22268214,True,True,4.80627034973598,-5063882.375,10040956.625,2.323554602731708,IQR,Valor extremo severo; validar con la fuente original.
14652,CLI-114652,saldo_actual,18705908,True,True,3.907372244187238,-5063882.375,10040956.625,2.323554602731708,IQR,Valor extremo severo; validar con la fuente original.
14653,CLI-114653,saldo_actual,11304833,True,False,2.039814460963628,-5063882.375,10040956.625,2.323554602731708,IQR,Posible valor extremo real debido a la distribución asimétrica; validar antes de eliminar.
14665,CLI-114665,saldo_actual,16469113,True,True,3.3429483041885684,-5063882.375,10040956.625,2.323554602731708,IQR,Valor extremo severo; validar con la fuente original.
14687,CLI-114687,saldo_actual,10752508,True,False,1.90044297065729,-5063882.375,10040956.625,2.323554602731708,IQR,Posible valor extremo real debido a la distribución asimétrica; validar antes de eliminar.
14697,CLI-114697,saldo_actual,13758779,True,False,2.6590334192785274,-5063882.375,10040956.625,2.323554602731708,IQR,Posible valor extremo real debido a la distribución asimétrica; validar antes de eliminar.
14699,CLI-114699,saldo_actual,20017244,True,True,4.238269546703604,-5063882.375,10040956.625,2.323554602731708,IQR,Valor extremo severo; validar con la fuente original.
14702,CLI-114702,saldo_actual,12630189,True,False,2.374249514431146,-5063882.375,10040956.625,2.323554602731708,IQR,Posible valor extremo real debido a la distribución asimétrica; validar antes de eliminar.
14707,CLI-114707,saldo_actual,15205178,True,True,3.0240119811897155,-5063882.375,10040956.625,2.323554602731708,IQR,Valor extremo severo; validar con la fuente original.
14719,CLI-114719,saldo_actual,10145697,True,False,1.747322700156626,-5063882.375,10040956.625,2.323554602731708,IQR,Posible valor extremo real debido a la distribución asimétrica; validar antes de eliminar.
14724,CLI-114724,saldo_actual,13771580,True,False,2.662263572625581,-5063882.375,10040956.625,2.323554602731708,IQR,Posible valor extremo real debido a la distribución asimétrica; validar antes de eliminar.
14725,CLI-114725,saldo_actual,10467708,True,False,1.8285776731617123,-5063882.375,10040956.625,2.323554602731708,IQR,Posible valor extremo real debido a la distribución asimétrica; validar antes de eliminar.
14752,CLI-114752,saldo_actual,11392720,True,False,2.0619915164446456,-5063882.375,10040956.625,2.323554602731708,IQR,Posible valor extremo real debido a la distribución asimétrica; validar antes de eliminar.
14777,CLI-114777,saldo_actual,10963947,True,False,1.9537966456473443,-5063882.375,10040956.625,2.323554602731708,IQR,Posible valor extremo real debido a la distribución asimétrica; validar antes de eliminar.
14785,CLI-114785,saldo_actual,13968350,True,False,2.7119157305897836,-5063882.375,10040956.625,2.323554602731708,IQR,Posible valor extremo real debido a la distribución asimétrica; validar antes de eliminar.
14795,CLI-114795,saldo_actual,13218902,True,False,2.522803007705423,-5063882.375,10040956.625,2.323554602731708,IQR,Posible valor extremo real debido a la distribución asimétrica; validar antes de eliminar.
14810,CLI-114810,saldo_actual,10418237,True,False,1.81609435809007,-5063882.375,10040956.625,2.323554602731708,IQR,Posible valor extremo real debido a la distribución asimétrica; validar antes de eliminar.
14819,CLI-114819,saldo_actual,19438611,True,True,4.0922596004755185,-5063882.375,10040956.625,2.323554602731708,IQR,Valor extremo severo; validar con la fuente original.
14846,CLI-114846,saldo_actual,14005002,True,False,2.7211643502660756,-5063882.375,10040956.625,2.323554602731708,IQR,Posible valor extremo real debido a la distribución asimétrica; validar antes de eliminar.
14861,CLI-114861,saldo_actual,10069172,True,False,1.7280126864949368,-5063882.375,10040956.625,2.323554602731708,IQR,Posible valor extremo real debido a la distribución asimétrica; validar antes de eliminar.
14873,CLI-114873,saldo_actual,10273950,True,False,1.7796855512791694,-5063882.375,10040956.625,2.323554602731708,IQR,Posible valor extremo real debido a la distribución asimétrica; validar antes de eliminar.
14879,CLI-114879,saldo_actual,19193861,True,True,4.030500360440256,-5063882.375,10040956.625,2.323554602731708,IQR,Valor extremo severo; validar con la fuente original.
14893,CLI-114893,saldo_actual,10244826,True,False,1.7723365171349938,-5063882.375,10040956.625,2.323554602731708,IQR,Posible valor extremo real debido a la distribución asimétrica; validar antes de eliminar.
14921,CLI-114921,saldo_actual,13751756,True,False,2.6572612634347372,-5063882.375,10040956.625,2.323554602731708,IQR,Posible valor extremo real debido a la distribución asimétrica; validar antes de eliminar.
14944,CLI-114944,saldo_actual,21283643,True,True,4.557827625647081,-5063882.375,10040956.625,2.323554602731708,IQR,Valor extremo severo; validar con la fuente original.
14950,CLI-114950,saldo_actual,13715155,True,False,2.6480255128952863,-5063882.375,10040956.625,2.323554602731708,IQR,Posible valor extremo real debido a la distribución asimétrica; validar antes de eliminar.
14955,CLI-114955,saldo_actual,12535741,True,False,2.350416882345955,-5063882.375,10040956.625,2.323554602731708,IQR,Posible valor extremo real debido a la distribución asimétrica; validar antes de eliminar.
14962,CLI-114962,saldo_actual,13939657,True,False,2.704675453268714,-5063882.375,10040956.625,2.323554602731708,IQR,Posible valor extremo real debido a la distribución asimétrica; validar antes de eliminar.
14984,CLI-114984,saldo_actual,10290106,True,False,1.783762291961538,-5063882.375,10040956.625,2.323554602731708,IQR,Posible valor extremo real debido a la distribución asimétrica; validar antes de eliminar.
14995,CLI-114995,saldo_actual,23226872,True,True,5.048174290629645,-5063882.375,10040956.625,2.323554602731708,IQR,Valor extremo severo; validar con la fuente original.
6,CLI-100006,cuotas_pagadas,53,True,True,3.305296549676292,-18.5,41.5,1.2412186443681283,Ambos métodos,Valor extremo severo; validar con la fuente original.
9,CLI-100009,cuotas_pagadas,48,True,False,2.8856367483766325,-18.5,41.5,1.2412186443681283,Ambos métodos,Posible valor extremo; revisar con reglas de negocio.
32,CLI-100032,cuotas_pagadas,48,True,False,2.8856367483766325,-18.5,41.5,1.2412186443681283,Ambos métodos,Posible valor extremo; revisar con reglas de negocio.
33,CLI-100033,cuotas_pagadas,42,True,False,2.3820449868170406,-18.5,41.5,1.2412186443681283,Ambos métodos,Posible valor extremo; revisar con reglas de negocio.
43,CLI-100043,cuotas_pagadas,52,True,True,3.22136458941636,-18.5,41.5,1.2412186443681283,Ambos métodos,Valor extremo severo; validar con la fuente original.
69,CLI-100069,cuotas_pagadas,48,True,False,2.8856367483766325,-18.5,41.5,1.2412186443681283,Ambos métodos,Posible valor extremo; revisar con reglas de negocio.
70,CLI-100070,cuotas_pagadas,48,True,False,2.8856367483766325,-18.5,41.5,1.2412186443681283,Ambos métodos,Posible valor extremo; revisar con reglas de negocio.
104,CLI-100104,cuotas_pagadas,48,True,False,2.8856367483766325,-18.5,41.5,1.2412186443681283,Ambos métodos,Posible valor extremo; revisar con reglas de negocio.
130,CLI-100130,cuotas_pagadas,48,True,False,2.8856367483766325,-18.5,41.5,1.2412186443681283,Ambos métodos,Posible valor extremo; revisar con reglas de negocio.
143,CLI-100143,cuotas_pagadas,48,True,False,2.8856367483766325,-18.5,41.5,1.2412186443681283,Ambos métodos,Posible valor extremo; revisar con reglas de negocio.
162,CLI-100162,cuotas_pagadas,48,True,False,2.8856367483766325,-18.5,41.5,1.2412186443681283,Ambos métodos,Posible valor extremo; revisar con reglas de negocio.
180,CLI-100180,cuotas_pagadas,49,True,False,2.9695687086365643,-18.5,41.5,1.2412186443681283,Ambos métodos,Posible valor extremo; revisar con reglas de negocio.
187,CLI-100187,cuotas_pagadas,48,True,False,2.8856367483766325,-18.5,41.5,1.2412186443681283,Ambos métodos,Posible valor extremo; revisar con reglas de negocio.
191,CLI-100191,cuotas_pagadas,51,True,True,3.1374326291564283,-18.5,41.5,1.2412186443681283,Ambos métodos,Valor extremo severo; validar con la fuente original.
205,CLI-100205,cuotas_pagadas,48,True,False,2.8856367483766325,-18.5,41.5,1.2412186443681283,Ambos métodos,Posible valor extremo; revisar con reglas de negocio.
232,CLI-100232,cuotas_pagadas,48,True,False,2.8856367483766325,-18.5,41.5,1.2412186443681283,Ambos métodos,Posible valor extremo; revisar con reglas de negocio.
244,CLI-100244,cuotas_pagadas,48,True,False,2.8856367483766325,-18.5,41.5,1.2412186443681283,Ambos métodos,Posible valor extremo; revisar con reglas de negocio.
253,CLI-100253,cuotas_pagadas,48,True,False,2.8856367483766325,-18.5,41.5,1.2412186443681283,Ambos métodos,Posible valor extremo; revisar con reglas de negocio.
262,CLI-100262,cuotas_pagadas,48,True,False,2.8856367483766325,-18.5,41.5,1.2412186443681283,Ambos métodos,Posible valor extremo; revisar con reglas de negocio.
264,CLI-100264,cuotas_pagadas,48,True,False,2.8856367483766325,-18.5,41.5,1.2412186443681283,Ambos métodos,Posible valor extremo; revisar con reglas de negocio.
277,CLI-100277,cuotas_pagadas,44,True,False,2.5499089073369046,-18.5,41.5,1.2412186443681283,Ambos métodos,Posible valor extremo; revisar con reglas de negocio.
356,CLI-100356,cuotas_pagadas,48,True,False,2.8856367483766325,-18.5,41.5,1.2412186443681283,Ambos métodos,Posible valor extremo; revisar con reglas de negocio.
361,CLI-100361,cuotas_pagadas,48,True,False,2.8856367483766325,-18.5,41.5,1.2412186443681283,Ambos métodos,Posible valor extremo; revisar con reglas de negocio.
388,CLI-100388,cuotas_pagadas,48,True,False,2.8856367483766325,-18.5,41.5,1.2412186443681283,Ambos métodos,Posible valor extremo; revisar con reglas de negocio.
398,CLI-100398,cuotas_pagadas,48,True,False,2.8856367483766325,-18.5,41.5,1.2412186443681283,Ambos métodos,Posible valor extremo; revisar con reglas de negocio.
400,CLI-100400,cuotas_pagadas,48,True,False,2.8856367483766325,-18.5,41.5,1.2412186443681283,Ambos métodos,Posible valor extremo; revisar con reglas de negocio.
406,CLI-100406,cuotas_pagadas,53,True,True,3.305296549676292,-18.5,41.5,1.2412186443681283,Ambos métodos,Valor extremo severo; validar con la fuente original.
427,CLI-100427,cuotas_pagadas,48,True,False,2.8856367483766325,-18.5,41.5,1.2412186443681283,Ambos métodos,Posible valor extremo; revisar con reglas de negocio.
435,CLI-100435,cuotas_pagadas,48,True,False,2.8856367483766325,-18.5,41.5,1.2412186443681283,Ambos métodos,Posible valor extremo; revisar con reglas de negocio.
440,CLI-100440,cuotas_pagadas,48,True,False,2.8856367483766325,-18.5,41.5,1.2412186443681283,Ambos métodos,Posible valor extremo; revisar con reglas de negocio.
455,CLI-100455,cuotas_pagadas,48,True,False,2.8856367483766325,-18.5,41.5,1.2412186443681283,Ambos métodos,Posible valor extremo; revisar con reglas de negocio.
472,CLI-100472,cuotas_pagadas,42,True,False,2.3820449868170406,-18.5,41.5,1.2412186443681283,Ambos métodos,Posible valor extremo; revisar con reglas de negocio.
474,CLI-100474,cuotas_pagadas,48,True,False,2.8856367483766325,-18.5,41.5,1.2412186443681283,Ambos métodos,Posible valor extremo; revisar con reglas de negocio.
485,CLI-100485,cuotas_pagadas,48,True,False,2.8856367483766325,-18.5,41.5,1.2412186443681283,Ambos métodos,Posible valor extremo; revisar con reglas de negocio.
524,CLI-100524,cuotas_pagadas,48,True,False,2.8856367483766325,-18.5,41.5,1.2412186443681283,Ambos métodos,Posible valor extremo; revisar con reglas de negocio.
528,CLI-100528,cuotas_pagadas,48,True,False,2.8856367483766325,-18.5,41.5,1.2412186443681283,Ambos métodos,Posible valor extremo; revisar con reglas de negocio.
562,CLI-100562,cuotas_pagadas,48,True,False,2.8856367483766325,-18.5,41.5,1.2412186443681283,Ambos métodos,Posible valor extremo; revisar con reglas de negocio.
570,CLI-100570,cuotas_pagadas,48,True,False,2.8856367483766325,-18.5,41.5,1.2412186443681283,Ambos métodos,Posible valor extremo; revisar con reglas de negocio.
584,CLI-100584,cuotas_pagadas,48,True,False,2.8856367483766325,-18.5,41.5,1.2412186443681283,Ambos métodos,Posible valor extremo; revisar con reglas de negocio.
660,CLI-100660,cuotas_pagadas,48,True,False,2.8856367483766325,-18.5,41.5,1.2412186443681283,Ambos métodos,Posible valor extremo; revisar con reglas de negocio.
668,CLI-100668,cuotas_pagadas,48,True,False,2.8856367483766325,-18.5,41.5,1.2412186443681283,Ambos métodos,Posible valor extremo; revisar con reglas de negocio.
703,CLI-100703,cuotas_pagadas,48,True,False,2.8856367483766325,-18.5,41.5,1.2412186443681283,Ambos métodos,Posible valor extremo; revisar con reglas de negocio.
723,CLI-100723,cuotas_pagadas,48,True,False,2.8856367483766325,-18.5,41.5,1.2412186443681283,Ambos métodos,Posible valor extremo; revisar con reglas de negocio.
754,CLI-100754,cuotas_pagadas,48,True,False,2.8856367483766325,-18.5,41.5,1.2412186443681283,Ambos métodos,Posible valor extremo; revisar con reglas de negocio.
782,CLI-100782,cuotas_pagadas,54,True,True,3.389228509936224,-18.5,41.5,1.2412186443681283,Ambos métodos,Valor extremo severo; validar con la fuente original.
805,CLI-100805,cuotas_pagadas,48,True,False,2.8856367483766325,-18.5,41.5,1.2412186443681283,Ambos métodos,Posible valor extremo; revisar con reglas de negocio.
818,CLI-100818,cuotas_pagadas,48,True,False,2.8856367483766325,-18.5,41.5,1.2412186443681283,Ambos métodos,Posible valor extremo; revisar con reglas de negocio.
828,CLI-100828,cuotas_pagadas,48,True,False,2.8856367483766325,-18.5,41.5,1.2412186443681283,Ambos métodos,Posible valor extremo; revisar con reglas de negocio.
864,CLI-100864,cuotas_pagadas,48,True,False,2.8856367483766325,-18.5,41.5,1.2412186443681283,Ambos métodos,Posible valor extremo; revisar con reglas de negocio.
887,CLI-100887,cuotas_pagadas,48,True,False,2.8856367483766325,-18.5,41.5,1.2412186443681283,Ambos métodos,Posible valor extremo; revisar con reglas de negocio.
893,CLI-100893,cuotas_pagadas,48,True,False,2.8856367483766325,-18.5,41.5,1.2412186443681283,Ambos métodos,Posible valor extremo; revisar con reglas de negocio.
899,CLI-100899,cuotas_pagadas,48,True,False,2.8856367483766325,-18.5,41.5,1.2412186443681283,Ambos métodos,Posible valor extremo; revisar con reglas de negocio.
923,CLI-100923,cuotas_pagadas,48,True,False,2.8856367483766325,-18.5,41.5,1.2412186443681283,Ambos métodos,Posible valor extremo; revisar con reglas de negocio.
950,CLI-100950,cuotas_pagadas,52,True,True,3.22136458941636,-18.5,41.5,1.2412186443681283,Ambos métodos,Valor extremo severo; validar con la fuente original.
995,CLI-100995,cuotas_pagadas,48,True,False,2.8856367483766325,-18.5,41.5,1.2412186443681283,Ambos métodos,Posible valor extremo; revisar con reglas de negocio.
1001,CLI-101001,cuotas_pagadas,48,True,False,2.8856367483766325,-18.5,41.5,1.2412186443681283,Ambos métodos,Posible valor extremo; revisar con reglas de negocio.
1008,CLI-101008,cuotas_pagadas,48,True,False,2.8856367483766325,-18.5,41.5,1.2412186443681283,Ambos métodos,Posible valor extremo; revisar con reglas de negocio.
1018,CLI-101018,cuotas_pagadas,48,True,False,2.8856367483766325,-18.5,41.5,1.2412186443681283,Ambos métodos,Posible valor extremo; revisar con reglas de negocio.
1029,CLI-101029,cuotas_pagadas,42,True,False,2.3820449868170406,-18.5,41.5,1.2412186443681283,Ambos métodos,Posible valor extremo; revisar con reglas de negocio.
1069,CLI-101069,cuotas_pagadas,48,True,False,2.8856367483766325,-18.5,41.5,1.2412186443681283,Ambos métodos,Posible valor extremo; revisar con reglas de negocio.
1087,CLI-101087,cuotas_pagadas,48,True,False,2.8856367483766325,-18.5,41.5,1.2412186443681283,Ambos métodos,Posible valor extremo; revisar con reglas de negocio.
1089,CLI-101089,cuotas_pagadas,48,True,False,2.8856367483766325,-18.5,41.5,1.2412186443681283,Ambos métodos,Posible valor extremo; revisar con reglas de negocio.
1145,CLI-101145,cuotas_pagadas,52,True,True,3.22136458941636,-18.5,41.5,1.2412186443681283,Ambos métodos,Valor extremo severo; validar con la fuente original.
1163,CLI-101163,cuotas_pagadas,48,True,False,2.8856367483766325,-18.5,41.5,1.2412186443681283,Ambos métodos,Posible valor extremo; revisar con reglas de negocio.
1165,CLI-101165,cuotas_pagadas,48,True,False,2.8856367483766325,-18.5,41.5,1.2412186443681283,Ambos métodos,Posible valor extremo; revisar con reglas de negocio.
1182,CLI-101182,cuotas_pagadas,48,True,False,2.8856367483766325,-18.5,41.5,1.2412186443681283,Ambos métodos,Posible valor extremo; revisar con reglas de negocio.
1282,CLI-101282,cuotas_pagadas,48,True,False,2.8856367483766325,-18.5,41.5,1.2412186443681283,Ambos métodos,Posible valor extremo; revisar con reglas de negocio.
1302,CLI-101302,cuotas_pagadas,48,True,False,2.8856367483766325,-18.5,41.5,1.2412186443681283,Ambos métodos,Posible valor extremo; revisar con reglas de negocio.
1341,CLI-101341,cuotas_pagadas,42,True,False,2.3820449868170406,-18.5,41.5,1.2412186443681283,Ambos métodos,Posible valor extremo; revisar con reglas de negocio.
1359,CLI-101359,cuotas_pagadas,48,True,False,2.8856367483766325,-18.5,41.5,1.2412186443681283,Ambos métodos,Posible valor extremo; revisar con reglas de negocio.
1384,CLI-101384,cuotas_pagadas,48,True,False,2.8856367483766325,-18.5,41.5,1.2412186443681283,Ambos métodos,Posible valor extremo; revisar con reglas de negocio.
1400,CLI-101400,cuotas_pagadas,48,True,False,2.8856367483766325,-18.5,41.5,1.2412186443681283,Ambos métodos,Posible valor extremo; revisar con reglas de negocio.
1446,CLI-101446,cuotas_pagadas,42,True,False,2.3820449868170406,-18.5,41.5,1.2412186443681283,Ambos métodos,Posible valor extremo; revisar con reglas de negocio.
1450,CLI-101450,cuotas_pagadas,48,True,False,2.8856367483766325,-18.5,41.5,1.2412186443681283,Ambos métodos,Posible valor extremo; revisar con reglas de negocio.
1471,CLI-101471,cuotas_pagadas,42,True,False,2.3820449868170406,-18.5,41.5,1.2412186443681283,Ambos métodos,Posible valor extremo; revisar con reglas de negocio.
1472,CLI-101472,cuotas_pagadas,48,True,False,2.8856367483766325,-18.5,41.5,1.2412186443681283,Ambos métodos,Posible valor extremo; revisar con reglas de negocio.
1496,CLI-101496,cuotas_pagadas,48,True,False,2.8856367483766325,-18.5,41.5,1.2412186443681283,Ambos métodos,Posible valor extremo; revisar con reglas de negocio.
1513,CLI-101513,cuotas_pagadas,48,True,False,2.8856367483766325,-18.5,41.5,1.2412186443681283,Ambos métodos,Posible valor extremo; revisar con reglas de negocio.
1514,CLI-101514,cuotas_pagadas,48,True,False,2.8856367483766325,-18.5,41.5,1.2412186443681283,Ambos métodos,Posible valor extremo; revisar con reglas de negocio.
1524,CLI-101524,cuotas_pagadas,48,True,False,2.8856367483766325,-18.5,41.5,1.2412186443681283,Ambos métodos,Posible valor extremo; revisar con reglas de negocio.
1556,CLI-101556,cuotas_pagadas,48,True,False,2.8856367483766325,-18.5,41.5,1.2412186443681283,Ambos métodos,Posible valor extremo; revisar con reglas de negocio.
1557,CLI-101557,cuotas_pagadas,48,True,False,2.8856367483766325,-18.5,41.5,1.2412186443681283,Ambos métodos,Posible valor extremo; revisar con reglas de negocio.
1641,CLI-101641,cuotas_pagadas,48,True,False,2.8856367483766325,-18.5,41.5,1.2412186443681283,Ambos métodos,Posible valor extremo; revisar con reglas de negocio.
1669,CLI-101669,cuotas_pagadas,48,True,False,2.8856367483766325,-18.5,41.5,1.2412186443681283,Ambos métodos,Posible valor extremo; revisar con reglas de negocio.
1698,CLI-101698,cuotas_pagadas,54,True,True,3.389228509936224,-18.5,41.5,1.2412186443681283,Ambos métodos,Valor extremo severo; validar con la fuente original.
1847,CLI-101847,cuotas_pagadas,48,True,False,2.8856367483766325,-18.5,41.5,1.2412186443681283,Ambos métodos,Posible valor extremo; revisar con reglas de negocio.
1848,CLI-101848,cuotas_pagadas,48,True,False,2.8856367483766325,-18.5,41.5,1.2412186443681283,Ambos métodos,Posible valor extremo; revisar con reglas de negocio.
1875,CLI-101875,cuotas_pagadas,48,True,False,2.8856367483766325,-18.5,41.5,1.2412186443681283,Ambos métodos,Posible valor extremo; revisar con reglas de negocio.
1883,CLI-101883,cuotas_pagadas,48,True,False,2.8856367483766325,-18.5,41.5,1.2412186443681283,Ambos métodos,Posible valor extremo; revisar con reglas de negocio.
1892,CLI-101892,cuotas_pagadas,48,True,False,2.8856367483766325,-18.5,41.5,1.2412186443681283,Ambos métodos,Posible valor extremo; revisar con reglas de negocio.
1905,CLI-101905,cuotas_pagadas,48,True,False,2.8856367483766325,-18.5,41.5,1.2412186443681283,Ambos métodos,Posible valor extremo; revisar con reglas de negocio.
1909,CLI-101909,cuotas_pagadas,48,True,False,2.8856367483766325,-18.5,41.5,1.2412186443681283,Ambos métodos,Posible valor extremo; revisar con reglas de negocio.
1924,CLI-101924,cuotas_pagadas,51,True,True,3.1374326291564283,-18.5,41.5,1.2412186443681283,Ambos métodos,Valor extremo severo; validar con la fuente original.
1925,CLI-101925,cuotas_pagadas,48,True,False,2.8856367483766325,-18.5,41.5,1.2412186443681283,Ambos métodos,Posible valor extremo; revisar con reglas de negocio.
1982,CLI-101982,cuotas_pagadas,48,True,False,2.8856367483766325,-18.5,41.5,1.2412186443681283,Ambos métodos,Posible valor extremo; revisar con reglas de negocio.
1984,CLI-101984,cuotas_pagadas,48,True,False,2.8856367483766325,-18.5,41.5,1.2412186443681283,Ambos métodos,Posible valor extremo; revisar con reglas de negocio.
2067,CLI-102067,cuotas_pagadas,42,True,False,2.3820449868170406,-18.5,41.5,1.2412186443681283,Ambos métodos,Posible valor extremo; revisar con reglas de negocio.
2116,CLI-102116,cuotas_pagadas,48,True,False,2.8856367483766325,-18.5,41.5,1.2412186443681283,Ambos métodos,Posible valor extremo; revisar con reglas de negocio.
2129,CLI-102129,cuotas_pagadas,48,True,False,2.8856367483766325,-18.5,41.5,1.2412186443681283,Ambos métodos,Posible valor extremo; revisar con reglas de negocio.
2149,CLI-102149,cuotas_pagadas,43,True,False,2.465976947076973,-18.5,41.5,1.2412186443681283,Ambos métodos,Posible valor extremo; revisar con reglas de negocio.
2175,CLI-102175,cuotas_pagadas,43,True,False,2.465976947076973,-18.5,41.5,1.2412186443681283,Ambos métodos,Posible valor extremo; revisar con reglas de negocio.
2183,CLI-102183,cuotas_pagadas,42,True,False,2.3820449868170406,-18.5,41.5,1.2412186443681283,Ambos métodos,Posible valor extremo; revisar con reglas de negocio.
2191,CLI-102191,cuotas_pagadas,42,True,False,2.3820449868170406,-18.5,41.5,1.2412186443681283,Ambos métodos,Posible valor extremo; revisar con reglas de negocio.
2199,CLI-102199,cuotas_pagadas,42,True,False,2.3820449868170406,-18.5,41.5,1.2412186443681283,Ambos métodos,Posible valor extremo; revisar con reglas de negocio.
2203,CLI-102203,cuotas_pagadas,48,True,False,2.8856367483766325,-18.5,41.5,1.2412186443681283,Ambos métodos,Posible valor extremo; revisar con reglas de negocio.
2220,CLI-102220,cuotas_pagadas,48,True,False,2.8856367483766325,-18.5,41.5,1.2412186443681283,Ambos métodos,Posible valor extremo; revisar con reglas de negocio.
2241,CLI-102241,cuotas_pagadas,48,True,False,2.8856367483766325,-18.5,41.5,1.2412186443681283,Ambos métodos,Posible valor extremo; revisar con reglas de negocio.
2277,CLI-102277,cuotas_pagadas,48,True,False,2.8856367483766325,-18.5,41.5,1.2412186443681283,Ambos métodos,Posible valor extremo; revisar con reglas de negocio.
2284,CLI-102284,cuotas_pagadas,48,True,False,2.8856367483766325,-18.5,41.5,1.2412186443681283,Ambos métodos,Posible valor extremo; revisar con reglas de negocio.
2288,CLI-102288,cuotas_pagadas,48,True,False,2.8856367483766325,-18.5,41.5,1.2412186443681283,Ambos métodos,Posible valor extremo; revisar con reglas de negocio.
2316,CLI-102316,cuotas_pagadas,48,True,False,2.8856367483766325,-18.5,41.5,1.2412186443681283,Ambos métodos,Posible valor extremo; revisar con reglas de negocio.
2327,CLI-102327,cuotas_pagadas,48,True,False,2.8856367483766325,-18.5,41.5,1.2412186443681283,Ambos métodos,Posible valor extremo; revisar con reglas de negocio.
2331,CLI-102331,cuotas_pagadas,42,True,False,2.3820449868170406,-18.5,41.5,1.2412186443681283,Ambos métodos,Posible valor extremo; revisar con reglas de negocio.
2332,CLI-102332,cuotas_pagadas,48,True,False,2.8856367483766325,-18.5,41.5,1.2412186443681283,Ambos métodos,Posible valor extremo; revisar con reglas de negocio.
2351,CLI-102351,cuotas_pagadas,48,True,False,2.8856367483766325,-18.5,41.5,1.2412186443681283,Ambos métodos,Posible valor extremo; revisar con reglas de negocio.
2393,CLI-102393,cuotas_pagadas,48,True,False,2.8856367483766325,-18.5,41.5,1.2412186443681283,Ambos métodos,Posible valor extremo; revisar con reglas de negocio.
2458,CLI-102458,cuotas_pagadas,48,True,False,2.8856367483766325,-18.5,41.5,1.2412186443681283,Ambos métodos,Posible valor extremo; revisar con reglas de negocio.
2461,CLI-102461,cuotas_pagadas,48,True,False,2.8856367483766325,-18.5,41.5,1.2412186443681283,Ambos métodos,Posible valor extremo; revisar con reglas de negocio.
2481,CLI-102481,cuotas_pagadas,48,True,False,2.8856367483766325,-18.5,41.5,1.2412186443681283,Ambos métodos,Posible valor extremo; revisar con reglas de negocio.
2484,CLI-102484,cuotas_pagadas,48,True,False,2.8856367483766325,-18.5,41.5,1.2412186443681283,Ambos métodos,Posible valor extremo; revisar con reglas de negocio.
2534,CLI-102534,cuotas_pagadas,48,True,False,2.8856367483766325,-18.5,41.5,1.2412186443681283,Ambos métodos,Posible valor extremo; revisar con reglas de negocio.
2602,CLI-102602,cuotas_pagadas,42,True,False,2.3820449868170406,-18.5,41.5,1.2412186443681283,Ambos métodos,Posible valor extremo; revisar con reglas de negocio.
2640,CLI-102640,cuotas_pagadas,48,True,False,2.8856367483766325,-18.5,41.5,1.2412186443681283,Ambos métodos,Posible valor extremo; revisar con reglas de negocio.
2663,CLI-102663,cuotas_pagadas,48,True,False,2.8856367483766325,-18.5,41.5,1.2412186443681283,Ambos métodos,Posible valor extremo; revisar con reglas de negocio.
2676,CLI-102676,cuotas_pagadas,48,True,False,2.8856367483766325,-18.5,41.5,1.2412186443681283,Ambos métodos,Posible valor extremo; revisar con reglas de negocio.
2678,CLI-102678,cuotas_pagadas,42,True,False,2.3820449868170406,-18.5,41.5,1.2412186443681283,Ambos métodos,Posible valor extremo; revisar con reglas de negocio.
2691,CLI-102691,cuotas_pagadas,48,True,False,2.8856367483766325,-18.5,41.5,1.2412186443681283,Ambos métodos,Posible valor extremo; revisar con reglas de negocio.
2692,CLI-102692,cuotas_pagadas,48,True,False,2.8856367483766325,-18.5,41.5,1.2412186443681283,Ambos métodos,Posible valor extremo; revisar con reglas de negocio.
2717,CLI-102717,cuotas_pagadas,48,True,False,2.8856367483766325,-18.5,41.5,1.2412186443681283,Ambos métodos,Posible valor extremo; revisar con reglas de negocio.
2739,CLI-102739,cuotas_pagadas,43,True,False,2.465976947076973,-18.5,41.5,1.2412186443681283,Ambos métodos,Posible valor extremo; revisar con reglas de negocio.
2780,CLI-102780,cuotas_pagadas,42,True,False,2.3820449868170406,-18.5,41.5,1.2412186443681283,Ambos métodos,Posible valor extremo; revisar con reglas de negocio.
2824,CLI-102824,cuotas_pagadas,48,True,False,2.8856367483766325,-18.5,41.5,1.2412186443681283,Ambos métodos,Posible valor extremo; revisar con reglas de negocio.
2847,CLI-102847,cuotas_pagadas,42,True,False,2.3820449868170406,-18.5,41.5,1.2412186443681283,Ambos métodos,Posible valor extremo; revisar con reglas de negocio.
2924,CLI-102924,cuotas_pagadas,48,True,False,2.8856367483766325,-18.5,41.5,1.2412186443681283,Ambos métodos,Posible valor extremo; revisar con reglas de negocio.
2941,CLI-102941,cuotas_pagadas,42,True,False,2.3820449868170406,-18.5,41.5,1.2412186443681283,Ambos métodos,Posible valor extremo; revisar con reglas de negocio.
2951,CLI-102951,cuotas_pagadas,54,True,True,3.389228509936224,-18.5,41.5,1.2412186443681283,Ambos métodos,Valor extremo severo; validar con la fuente original.
2963,CLI-102963,cuotas_pagadas,48,True,False,2.8856367483766325,-18.5,41.5,1.2412186443681283,Ambos métodos,Posible valor extremo; revisar con reglas de negocio.
2993,CLI-102993,cuotas_pagadas,48,True,False,2.8856367483766325,-18.5,41.5,1.2412186443681283,Ambos métodos,Posible valor extremo; revisar con reglas de negocio.
3001,CLI-103001,cuotas_pagadas,48,True,False,2.8856367483766325,-18.5,41.5,1.2412186443681283,Ambos métodos,Posible valor extremo; revisar con reglas de negocio.
3052,CLI-103052,cuotas_pagadas,48,True,False,2.8856367483766325,-18.5,41.5,1.2412186443681283,Ambos métodos,Posible valor extremo; revisar con reglas de negocio.
3057,CLI-103057,cuotas_pagadas,48,True,False,2.8856367483766325,-18.5,41.5,1.2412186443681283,Ambos métodos,Posible valor extremo; revisar con reglas de negocio.
3072,CLI-103072,cuotas_pagadas,48,True,False,2.8856367483766325,-18.5,41.5,1.2412186443681283,Ambos métodos,Posible valor extremo; revisar con reglas de negocio.
3078,CLI-103078,cuotas_pagadas,44,True,False,2.5499089073369046,-18.5,41.5,1.2412186443681283,Ambos métodos,Posible valor extremo; revisar con reglas de negocio.
3115,CLI-103115,cuotas_pagadas,48,True,False,2.8856367483766325,-18.5,41.5,1.2412186443681283,Ambos métodos,Posible valor extremo; revisar con reglas de negocio.
3142,CLI-103142,cuotas_pagadas,48,True,False,2.8856367483766325,-18.5,41.5,1.2412186443681283,Ambos métodos,Posible valor extremo; revisar con reglas de negocio.
3143,CLI-103143,cuotas_pagadas,48,True,False,2.8856367483766325,-18.5,41.5,1.2412186443681283,Ambos métodos,Posible valor extremo; revisar con reglas de negocio.
3152,CLI-103152,cuotas_pagadas,48,True,False,2.8856367483766325,-18.5,41.5,1.2412186443681283,Ambos métodos,Posible valor extremo; revisar con reglas de negocio.
3213,CLI-103213,cuotas_pagadas,43,True,False,2.465976947076973,-18.5,41.5,1.2412186443681283,Ambos métodos,Posible valor extremo; revisar con reglas de negocio.
3223,CLI-103223,cuotas_pagadas,48,True,False,2.8856367483766325,-18.5,41.5,1.2412186443681283,Ambos métodos,Posible valor extremo; revisar con reglas de negocio.
3284,CLI-103284,cuotas_pagadas,50,True,True,3.053500668896496,-18.5,41.5,1.2412186443681283,Ambos métodos,Valor extremo severo; validar con la fuente original.
3305,CLI-103305,cuotas_pagadas,48,True,False,2.8856367483766325,-18.5,41.5,1.2412186443681283,Ambos métodos,Posible valor extremo; revisar con reglas de negocio.
3318,CLI-103318,cuotas_pagadas,48,True,False,2.8856367483766325,-18.5,41.5,1.2412186443681283,Ambos métodos,Posible valor extremo; revisar con reglas de negocio.
3360,CLI-103360,cuotas_pagadas,48,True,False,2.8856367483766325,-18.5,41.5,1.2412186443681283,Ambos métodos,Posible valor extremo; revisar con reglas de negocio.
3383,CLI-103383,cuotas_pagadas,42,True,False,2.3820449868170406,-18.5,41.5,1.2412186443681283,Ambos métodos,Posible valor extremo; revisar con reglas de negocio.
3406,CLI-103406,cuotas_pagadas,48,True,False,2.8856367483766325,-18.5,41.5,1.2412186443681283,Ambos métodos,Posible valor extremo; revisar con reglas de negocio.
3410,CLI-103410,cuotas_pagadas,48,True,False,2.8856367483766325,-18.5,41.5,1.2412186443681283,Ambos métodos,Posible valor extremo; revisar con reglas de negocio.
3469,CLI-103469,cuotas_pagadas,48,True,False,2.8856367483766325,-18.5,41.5,1.2412186443681283,Ambos métodos,Posible valor extremo; revisar con reglas de negocio.
3471,CLI-103471,cuotas_pagadas,48,True,False,2.8856367483766325,-18.5,41.5,1.2412186443681283,Ambos métodos,Posible valor extremo; revisar con reglas de negocio.
3499,CLI-103499,cuotas_pagadas,48,True,False,2.8856367483766325,-18.5,41.5,1.2412186443681283,Ambos métodos,Posible valor extremo; revisar con reglas de negocio.
3508,CLI-103508,cuotas_pagadas,42,True,False,2.3820449868170406,-18.5,41.5,1.2412186443681283,Ambos métodos,Posible valor extremo; revisar con reglas de negocio.
3514,CLI-103514,cuotas_pagadas,54,True,True,3.389228509936224,-18.5,41.5,1.2412186443681283,Ambos métodos,Valor extremo severo; validar con la fuente original.
3518,CLI-103518,cuotas_pagadas,48,True,False,2.8856367483766325,-18.5,41.5,1.2412186443681283,Ambos métodos,Posible valor extremo; revisar con reglas de negocio.
3592,CLI-103592,cuotas_pagadas,48,True,False,2.8856367483766325,-18.5,41.5,1.2412186443681283,Ambos métodos,Posible valor extremo; revisar con reglas de negocio.
3648,CLI-103648,cuotas_pagadas,48,True,False,2.8856367483766325,-18.5,41.5,1.2412186443681283,Ambos métodos,Posible valor extremo; revisar con reglas de negocio.
3658,CLI-103658,cuotas_pagadas,48,True,False,2.8856367483766325,-18.5,41.5,1.2412186443681283,Ambos métodos,Posible valor extremo; revisar con reglas de negocio.
3685,CLI-103685,cuotas_pagadas,48,True,False,2.8856367483766325,-18.5,41.5,1.2412186443681283,Ambos métodos,Posible valor extremo; revisar con reglas de negocio.
3714,CLI-103714,cuotas_pagadas,48,True,False,2.8856367483766325,-18.5,41.5,1.2412186443681283,Ambos métodos,Posible valor extremo; revisar con reglas de negocio.
3775,CLI-103775,cuotas_pagadas,48,True,False,2.8856367483766325,-18.5,41.5,1.2412186443681283,Ambos métodos,Posible valor extremo; revisar con reglas de negocio.
3822,CLI-103822,cuotas_pagadas,51,True,True,3.1374326291564283,-18.5,41.5,1.2412186443681283,Ambos métodos,Valor extremo severo; validar con la fuente original.
3830,CLI-103830,cuotas_pagadas,48,True,False,2.8856367483766325,-18.5,41.5,1.2412186443681283,Ambos métodos,Posible valor extremo; revisar con reglas de negocio.
3854,CLI-103854,cuotas_pagadas,48,True,False,2.8856367483766325,-18.5,41.5,1.2412186443681283,Ambos métodos,Posible valor extremo; revisar con reglas de negocio.
3857,CLI-103857,cuotas_pagadas,52,True,True,3.22136458941636,-18.5,41.5,1.2412186443681283,Ambos métodos,Valor extremo severo; validar con la fuente original.
3868,CLI-103868,cuotas_pagadas,48,True,False,2.8856367483766325,-18.5,41.5,1.2412186443681283,Ambos métodos,Posible valor extremo; revisar con reglas de negocio.
3875,CLI-103875,cuotas_pagadas,48,True,False,2.8856367483766325,-18.5,41.5,1.2412186443681283,Ambos métodos,Posible valor extremo; revisar con reglas de negocio.
3925,CLI-103925,cuotas_pagadas,48,True,False,2.8856367483766325,-18.5,41.5,1.2412186443681283,Ambos métodos,Posible valor extremo; revisar con reglas de negocio.
3981,CLI-103981,cuotas_pagadas,48,True,False,2.8856367483766325,-18.5,41.5,1.2412186443681283,Ambos métodos,Posible valor extremo; revisar con reglas de negocio.
4031,CLI-104031,cuotas_pagadas,48,True,False,2.8856367483766325,-18.5,41.5,1.2412186443681283,Ambos métodos,Posible valor extremo; revisar con reglas de negocio.
4050,CLI-104050,cuotas_pagadas,48,True,False,2.8856367483766325,-18.5,41.5,1.2412186443681283,Ambos métodos,Posible valor extremo; revisar con reglas de negocio.
4070,CLI-104070,cuotas_pagadas,48,True,False,2.8856367483766325,-18.5,41.5,1.2412186443681283,Ambos métodos,Posible valor extremo; revisar con reglas de negocio.
4095,CLI-104095,cuotas_pagadas,48,True,False,2.8856367483766325,-18.5,41.5,1.2412186443681283,Ambos métodos,Posible valor extremo; revisar con reglas de negocio.
4161,CLI-104161,cuotas_pagadas,48,True,False,2.8856367483766325,-18.5,41.5,1.2412186443681283,Ambos métodos,Posible valor extremo; revisar con reglas de negocio.
4197,CLI-104197,cuotas_pagadas,43,True,False,2.465976947076973,-18.5,41.5,1.2412186443681283,Ambos métodos,Posible valor extremo; revisar con reglas de negocio.
4205,CLI-104205,cuotas_pagadas,48,True,False,2.8856367483766325,-18.5,41.5,1.2412186443681283,Ambos métodos,Posible valor extremo; revisar con reglas de negocio.
4211,CLI-104211,cuotas_pagadas,48,True,False,2.8856367483766325,-18.5,41.5,1.2412186443681283,Ambos métodos,Posible valor extremo; revisar con reglas de negocio.
4225,CLI-104225,cuotas_pagadas,48,True,False,2.8856367483766325,-18.5,41.5,1.2412186443681283,Ambos métodos,Posible valor extremo; revisar con reglas de negocio.
4256,CLI-104256,cuotas_pagadas,48,True,False,2.8856367483766325,-18.5,41.5,1.2412186443681283,Ambos métodos,Posible valor extremo; revisar con reglas de negocio.
4299,CLI-104299,cuotas_pagadas,48,True,False,2.8856367483766325,-18.5,41.5,1.2412186443681283,Ambos métodos,Posible valor extremo; revisar con reglas de negocio.
4304,CLI-104304,cuotas_pagadas,48,True,False,2.8856367483766325,-18.5,41.5,1.2412186443681283,Ambos métodos,Posible valor extremo; revisar con reglas de negocio.
4320,CLI-104320,cuotas_pagadas,42,True,False,2.3820449868170406,-18.5,41.5,1.2412186443681283,Ambos métodos,Posible valor extremo; revisar con reglas de negocio.
4329,CLI-104329,cuotas_pagadas,48,True,False,2.8856367483766325,-18.5,41.5,1.2412186443681283,Ambos métodos,Posible valor extremo; revisar con reglas de negocio.
4352,CLI-104352,cuotas_pagadas,48,True,False,2.8856367483766325,-18.5,41.5,1.2412186443681283,Ambos métodos,Posible valor extremo; revisar con reglas de negocio.
4380,CLI-104380,cuotas_pagadas,48,True,False,2.8856367483766325,-18.5,41.5,1.2412186443681283,Ambos métodos,Posible valor extremo; revisar con reglas de negocio.
4433,CLI-104433,cuotas_pagadas,48,True,False,2.8856367483766325,-18.5,41.5,1.2412186443681283,Ambos métodos,Posible valor extremo; revisar con reglas de negocio.
4454,CLI-104454,cuotas_pagadas,48,True,False,2.8856367483766325,-18.5,41.5,1.2412186443681283,Ambos métodos,Posible valor extremo; revisar con reglas de negocio.
4465,CLI-104465,cuotas_pagadas,48,True,False,2.8856367483766325,-18.5,41.5,1.2412186443681283,Ambos métodos,Posible valor extremo; revisar con reglas de negocio.
4511,CLI-104511,cuotas_pagadas,50,True,True,3.053500668896496,-18.5,41.5,1.2412186443681283,Ambos métodos,Valor extremo severo; validar con la fuente original.
4545,CLI-104545,cuotas_pagadas,48,True,False,2.8856367483766325,-18.5,41.5,1.2412186443681283,Ambos métodos,Posible valor extremo; revisar con reglas de negocio.
4567,CLI-104567,cuotas_pagadas,48,True,False,2.8856367483766325,-18.5,41.5,1.2412186443681283,Ambos métodos,Posible valor extremo; revisar con reglas de negocio.
4575,CLI-104575,cuotas_pagadas,48,True,False,2.8856367483766325,-18.5,41.5,1.2412186443681283,Ambos métodos,Posible valor extremo; revisar con reglas de negocio.
4622,CLI-104622,cuotas_pagadas,48,True,False,2.8856367483766325,-18.5,41.5,1.2412186443681283,Ambos métodos,Posible valor extremo; revisar con reglas de negocio.
4627,CLI-104627,cuotas_pagadas,42,True,False,2.3820449868170406,-18.5,41.5,1.2412186443681283,Ambos métodos,Posible valor extremo; revisar con reglas de negocio.
4668,CLI-104668,cuotas_pagadas,49,True,False,2.9695687086365643,-18.5,41.5,1.2412186443681283,Ambos métodos,Posible valor extremo; revisar con reglas de negocio.
4698,CLI-104698,cuotas_pagadas,48,True,False,2.8856367483766325,-18.5,41.5,1.2412186443681283,Ambos métodos,Posible valor extremo; revisar con reglas de negocio.
4789,CLI-104789,cuotas_pagadas,48,True,False,2.8856367483766325,-18.5,41.5,1.2412186443681283,Ambos métodos,Posible valor extremo; revisar con reglas de negocio.
4847,CLI-104847,cuotas_pagadas,48,True,False,2.8856367483766325,-18.5,41.5,1.2412186443681283,Ambos métodos,Posible valor extremo; revisar con reglas de negocio.
4858,CLI-104858,cuotas_pagadas,48,True,False,2.8856367483766325,-18.5,41.5,1.2412186443681283,Ambos métodos,Posible valor extremo; revisar con reglas de negocio.
4876,CLI-104876,cuotas_pagadas,48,True,False,2.8856367483766325,-18.5,41.5,1.2412186443681283,Ambos métodos,Posible valor extremo; revisar con reglas de negocio.
4887,CLI-104887,cuotas_pagadas,48,True,False,2.8856367483766325,-18.5,41.5,1.2412186443681283,Ambos métodos,Posible valor extremo; revisar con reglas de negocio.
4901,CLI-104901,cuotas_pagadas,48,True,False,2.8856367483766325,-18.5,41.5,1.2412186443681283,Ambos métodos,Posible valor extremo; revisar con reglas de negocio.
4940,CLI-104940,cuotas_pagadas,42,True,False,2.3820449868170406,-18.5,41.5,1.2412186443681283,Ambos métodos,Posible valor extremo; revisar con reglas de negocio.
5009,CLI-105009,cuotas_pagadas,48,True,False,2.8856367483766325,-18.5,41.5,1.2412186443681283,Ambos métodos,Posible valor extremo; revisar con reglas de negocio.
5059,CLI-105059,cuotas_pagadas,48,True,False,2.8856367483766325,-18.5,41.5,1.2412186443681283,Ambos métodos,Posible valor extremo; revisar con reglas de negocio.
5078,CLI-105078,cuotas_pagadas,48,True,False,2.8856367483766325,-18.5,41.5,1.2412186443681283,Ambos métodos,Posible valor extremo; revisar con reglas de negocio.
5097,CLI-105097,cuotas_pagadas,48,True,False,2.8856367483766325,-18.5,41.5,1.2412186443681283,Ambos métodos,Posible valor extremo; revisar con reglas de negocio.
5134,CLI-105134,cuotas_pagadas,44,True,False,2.5499089073369046,-18.5,41.5,1.2412186443681283,Ambos métodos,Posible valor extremo; revisar con reglas de negocio.
5183,CLI-105183,cuotas_pagadas,48,True,False,2.8856367483766325,-18.5,41.5,1.2412186443681283,Ambos métodos,Posible valor extremo; revisar con reglas de negocio.
5311,CLI-105311,cuotas_pagadas,48,True,False,2.8856367483766325,-18.5,41.5,1.2412186443681283,Ambos métodos,Posible valor extremo; revisar con reglas de negocio.
5352,CLI-105352,cuotas_pagadas,48,True,False,2.8856367483766325,-18.5,41.5,1.2412186443681283,Ambos métodos,Posible valor extremo; revisar con reglas de negocio.
5382,CLI-105382,cuotas_pagadas,56,True,True,3.5570924304560876,-18.5,41.5,1.2412186443681283,Ambos métodos,Valor extremo severo; validar con la fuente original.
5393,CLI-105393,cuotas_pagadas,48,True,False,2.8856367483766325,-18.5,41.5,1.2412186443681283,Ambos métodos,Posible valor extremo; revisar con reglas de negocio.
5428,CLI-105428,cuotas_pagadas,48,True,False,2.8856367483766325,-18.5,41.5,1.2412186443681283,Ambos métodos,Posible valor extremo; revisar con reglas de negocio.
5452,CLI-105452,cuotas_pagadas,48,True,False,2.8856367483766325,-18.5,41.5,1.2412186443681283,Ambos métodos,Posible valor extremo; revisar con reglas de negocio.
5486,CLI-105486,cuotas_pagadas,44,True,False,2.5499089073369046,-18.5,41.5,1.2412186443681283,Ambos métodos,Posible valor extremo; revisar con reglas de negocio.
5488,CLI-105488,cuotas_pagadas,48,True,False,2.8856367483766325,-18.5,41.5,1.2412186443681283,Ambos métodos,Posible valor extremo; revisar con reglas de negocio.
5493,CLI-105493,cuotas_pagadas,48,True,False,2.8856367483766325,-18.5,41.5,1.2412186443681283,Ambos métodos,Posible valor extremo; revisar con reglas de negocio.
5496,CLI-105496,cuotas_pagadas,48,True,False,2.8856367483766325,-18.5,41.5,1.2412186443681283,Ambos métodos,Posible valor extremo; revisar con reglas de negocio.
5547,CLI-105547,cuotas_pagadas,48,True,False,2.8856367483766325,-18.5,41.5,1.2412186443681283,Ambos métodos,Posible valor extremo; revisar con reglas de negocio.
5561,CLI-105561,cuotas_pagadas,48,True,False,2.8856367483766325,-18.5,41.5,1.2412186443681283,Ambos métodos,Posible valor extremo; revisar con reglas de negocio.
5573,CLI-105573,cuotas_pagadas,48,True,False,2.8856367483766325,-18.5,41.5,1.2412186443681283,Ambos métodos,Posible valor extremo; revisar con reglas de negocio.
5583,CLI-105583,cuotas_pagadas,44,True,False,2.5499089073369046,-18.5,41.5,1.2412186443681283,Ambos métodos,Posible valor extremo; revisar con reglas de negocio.
5587,CLI-105587,cuotas_pagadas,50,True,True,3.053500668896496,-18.5,41.5,1.2412186443681283,Ambos métodos,Valor extremo severo; validar con la fuente original.
5591,CLI-105591,cuotas_pagadas,48,True,False,2.8856367483766325,-18.5,41.5,1.2412186443681283,Ambos métodos,Posible valor extremo; revisar con reglas de negocio.
5592,CLI-105592,cuotas_pagadas,48,True,False,2.8856367483766325,-18.5,41.5,1.2412186443681283,Ambos métodos,Posible valor extremo; revisar con reglas de negocio.
5594,CLI-105594,cuotas_pagadas,48,True,False,2.8856367483766325,-18.5,41.5,1.2412186443681283,Ambos métodos,Posible valor extremo; revisar con reglas de negocio.
5611,CLI-105611,cuotas_pagadas,48,True,False,2.8856367483766325,-18.5,41.5,1.2412186443681283,Ambos métodos,Posible valor extremo; revisar con reglas de negocio.
5616,CLI-105616,cuotas_pagadas,48,True,False,2.8856367483766325,-18.5,41.5,1.2412186443681283,Ambos métodos,Posible valor extremo; revisar con reglas de negocio.
5634,CLI-105634,cuotas_pagadas,48,True,False,2.8856367483766325,-18.5,41.5,1.2412186443681283,Ambos métodos,Posible valor extremo; revisar con reglas de negocio.
5661,CLI-105661,cuotas_pagadas,48,True,False,2.8856367483766325,-18.5,41.5,1.2412186443681283,Ambos métodos,Posible valor extremo; revisar con reglas de negocio.
5663,CLI-105663,cuotas_pagadas,48,True,False,2.8856367483766325,-18.5,41.5,1.2412186443681283,Ambos métodos,Posible valor extremo; revisar con reglas de negocio.
5680,CLI-105680,cuotas_pagadas,48,True,False,2.8856367483766325,-18.5,41.5,1.2412186443681283,Ambos métodos,Posible valor extremo; revisar con reglas de negocio.
5694,CLI-105694,cuotas_pagadas,48,True,False,2.8856367483766325,-18.5,41.5,1.2412186443681283,Ambos métodos,Posible valor extremo; revisar con reglas de negocio.
5702,CLI-105702,cuotas_pagadas,48,True,False,2.8856367483766325,-18.5,41.5,1.2412186443681283,Ambos métodos,Posible valor extremo; revisar con reglas de negocio.
5752,CLI-105752,cuotas_pagadas,48,True,False,2.8856367483766325,-18.5,41.5,1.2412186443681283,Ambos métodos,Posible valor extremo; revisar con reglas de negocio.
5760,CLI-105760,cuotas_pagadas,42,True,False,2.3820449868170406,-18.5,41.5,1.2412186443681283,Ambos métodos,Posible valor extremo; revisar con reglas de negocio.
5788,CLI-105788,cuotas_pagadas,48,True,False,2.8856367483766325,-18.5,41.5,1.2412186443681283,Ambos métodos,Posible valor extremo; revisar con reglas de negocio.
5789,CLI-105789,cuotas_pagadas,48,True,False,2.8856367483766325,-18.5,41.5,1.2412186443681283,Ambos métodos,Posible valor extremo; revisar con reglas de negocio.
5883,CLI-105883,cuotas_pagadas,48,True,False,2.8856367483766325,-18.5,41.5,1.2412186443681283,Ambos métodos,Posible valor extremo; revisar con reglas de negocio.
5916,CLI-105916,cuotas_pagadas,42,True,False,2.3820449868170406,-18.5,41.5,1.2412186443681283,Ambos métodos,Posible valor extremo; revisar con reglas de negocio.
5930,CLI-105930,cuotas_pagadas,48,True,False,2.8856367483766325,-18.5,41.5,1.2412186443681283,Ambos métodos,Posible valor extremo; revisar con reglas de negocio.
5937,CLI-105937,cuotas_pagadas,48,True,False,2.8856367483766325,-18.5,41.5,1.2412186443681283,Ambos métodos,Posible valor extremo; revisar con reglas de negocio.
5956,CLI-105956,cuotas_pagadas,48,True,False,2.8856367483766325,-18.5,41.5,1.2412186443681283,Ambos métodos,Posible valor extremo; revisar con reglas de negocio.
5974,CLI-105974,cuotas_pagadas,48,True,False,2.8856367483766325,-18.5,41.5,1.2412186443681283,Ambos métodos,Posible valor extremo; revisar con reglas de negocio.
5979,CLI-105979,cuotas_pagadas,48,True,False,2.8856367483766325,-18.5,41.5,1.2412186443681283,Ambos métodos,Posible valor extremo; revisar con reglas de negocio.
6005,CLI-106005,cuotas_pagadas,48,True,False,2.8856367483766325,-18.5,41.5,1.2412186443681283,Ambos métodos,Posible valor extremo; revisar con reglas de negocio.
6007,CLI-106007,cuotas_pagadas,48,True,False,2.8856367483766325,-18.5,41.5,1.2412186443681283,Ambos métodos,Posible valor extremo; revisar con reglas de negocio.
6015,CLI-106015,cuotas_pagadas,48,True,False,2.8856367483766325,-18.5,41.5,1.2412186443681283,Ambos métodos,Posible valor extremo; revisar con reglas de negocio.
6038,CLI-106038,cuotas_pagadas,48,True,False,2.8856367483766325,-18.5,41.5,1.2412186443681283,Ambos métodos,Posible valor extremo; revisar con reglas de negocio.
6085,CLI-106085,cuotas_pagadas,48,True,False,2.8856367483766325,-18.5,41.5,1.2412186443681283,Ambos métodos,Posible valor extremo; revisar con reglas de negocio.
6091,CLI-106091,cuotas_pagadas,48,True,False,2.8856367483766325,-18.5,41.5,1.2412186443681283,Ambos métodos,Posible valor extremo; revisar con reglas de negocio.
6098,CLI-106098,cuotas_pagadas,43,True,False,2.465976947076973,-18.5,41.5,1.2412186443681283,Ambos métodos,Posible valor extremo; revisar con reglas de negocio.
6111,CLI-106111,cuotas_pagadas,42,True,False,2.3820449868170406,-18.5,41.5,1.2412186443681283,Ambos métodos,Posible valor extremo; revisar con reglas de negocio.
6121,CLI-106121,cuotas_pagadas,48,True,False,2.8856367483766325,-18.5,41.5,1.2412186443681283,Ambos métodos,Posible valor extremo; revisar con reglas de negocio.
6137,CLI-106137,cuotas_pagadas,48,True,False,2.8856367483766325,-18.5,41.5,1.2412186443681283,Ambos métodos,Posible valor extremo; revisar con reglas de negocio.
6150,CLI-106150,cuotas_pagadas,42,True,False,2.3820449868170406,-18.5,41.5,1.2412186443681283,Ambos métodos,Posible valor extremo; revisar con reglas de negocio.
6183,CLI-106183,cuotas_pagadas,48,True,False,2.8856367483766325,-18.5,41.5,1.2412186443681283,Ambos métodos,Posible valor extremo; revisar con reglas de negocio.
6188,CLI-106188,cuotas_pagadas,48,True,False,2.8856367483766325,-18.5,41.5,1.2412186443681283,Ambos métodos,Posible valor extremo; revisar con reglas de negocio.
6225,CLI-106225,cuotas_pagadas,48,True,False,2.8856367483766325,-18.5,41.5,1.2412186443681283,Ambos métodos,Posible valor extremo; revisar con reglas de negocio.
6233,CLI-106233,cuotas_pagadas,48,True,False,2.8856367483766325,-18.5,41.5,1.2412186443681283,Ambos métodos,Posible valor extremo; revisar con reglas de negocio.
6257,CLI-106257,cuotas_pagadas,48,True,False,2.8856367483766325,-18.5,41.5,1.2412186443681283,Ambos métodos,Posible valor extremo; revisar con reglas de negocio.
6284,CLI-106284,cuotas_pagadas,48,True,False,2.8856367483766325,-18.5,41.5,1.2412186443681283,Ambos métodos,Posible valor extremo; revisar con reglas de negocio.
6291,CLI-106291,cuotas_pagadas,42,True,False,2.3820449868170406,-18.5,41.5,1.2412186443681283,Ambos métodos,Posible valor extremo; revisar con reglas de negocio.
6293,CLI-106293,cuotas_pagadas,48,True,False,2.8856367483766325,-18.5,41.5,1.2412186443681283,Ambos métodos,Posible valor extremo; revisar con reglas de negocio.
6296,CLI-106296,cuotas_pagadas,48,True,False,2.8856367483766325,-18.5,41.5,1.2412186443681283,Ambos métodos,Posible valor extremo; revisar con reglas de negocio.
6307,CLI-106307,cuotas_pagadas,48,True,False,2.8856367483766325,-18.5,41.5,1.2412186443681283,Ambos métodos,Posible valor extremo; revisar con reglas de negocio.
6308,CLI-106308,cuotas_pagadas,48,True,False,2.8856367483766325,-18.5,41.5,1.2412186443681283,Ambos métodos,Posible valor extremo; revisar con reglas de negocio.
6348,CLI-106348,cuotas_pagadas,48,True,False,2.8856367483766325,-18.5,41.5,1.2412186443681283,Ambos métodos,Posible valor extremo; revisar con reglas de negocio.
6364,CLI-106364,cuotas_pagadas,48,True,False,2.8856367483766325,-18.5,41.5,1.2412186443681283,Ambos métodos,Posible valor extremo; revisar con reglas de negocio.
6404,CLI-106404,cuotas_pagadas,48,True,False,2.8856367483766325,-18.5,41.5,1.2412186443681283,Ambos métodos,Posible valor extremo; revisar con reglas de negocio.
6421,CLI-106421,cuotas_pagadas,48,True,False,2.8856367483766325,-18.5,41.5,1.2412186443681283,Ambos métodos,Posible valor extremo; revisar con reglas de negocio.
6438,CLI-106438,cuotas_pagadas,48,True,False,2.8856367483766325,-18.5,41.5,1.2412186443681283,Ambos métodos,Posible valor extremo; revisar con reglas de negocio.
6452,CLI-106452,cuotas_pagadas,48,True,False,2.8856367483766325,-18.5,41.5,1.2412186443681283,Ambos métodos,Posible valor extremo; revisar con reglas de negocio.
6458,CLI-106458,cuotas_pagadas,42,True,False,2.3820449868170406,-18.5,41.5,1.2412186443681283,Ambos métodos,Posible valor extremo; revisar con reglas de negocio.
6504,CLI-106504,cuotas_pagadas,43,True,False,2.465976947076973,-18.5,41.5,1.2412186443681283,Ambos métodos,Posible valor extremo; revisar con reglas de negocio.
6507,CLI-106507,cuotas_pagadas,48,True,False,2.8856367483766325,-18.5,41.5,1.2412186443681283,Ambos métodos,Posible valor extremo; revisar con reglas de negocio.
6567,CLI-106567,cuotas_pagadas,42,True,False,2.3820449868170406,-18.5,41.5,1.2412186443681283,Ambos métodos,Posible valor extremo; revisar con reglas de negocio.
6598,CLI-106598,cuotas_pagadas,42,True,False,2.3820449868170406,-18.5,41.5,1.2412186443681283,Ambos métodos,Posible valor extremo; revisar con reglas de negocio.
6620,CLI-106620,cuotas_pagadas,48,True,False,2.8856367483766325,-18.5,41.5,1.2412186443681283,Ambos métodos,Posible valor extremo; revisar con reglas de negocio.
6629,CLI-106629,cuotas_pagadas,48,True,False,2.8856367483766325,-18.5,41.5,1.2412186443681283,Ambos métodos,Posible valor extremo; revisar con reglas de negocio.
6630,CLI-106630,cuotas_pagadas,48,True,False,2.8856367483766325,-18.5,41.5,1.2412186443681283,Ambos métodos,Posible valor extremo; revisar con reglas de negocio.
6631,CLI-106631,cuotas_pagadas,48,True,False,2.8856367483766325,-18.5,41.5,1.2412186443681283,Ambos métodos,Posible valor extremo; revisar con reglas de negocio.
6656,CLI-106656,cuotas_pagadas,48,True,False,2.8856367483766325,-18.5,41.5,1.2412186443681283,Ambos métodos,Posible valor extremo; revisar con reglas de negocio.
6661,CLI-106661,cuotas_pagadas,48,True,False,2.8856367483766325,-18.5,41.5,1.2412186443681283,Ambos métodos,Posible valor extremo; revisar con reglas de negocio.
6755,CLI-106755,cuotas_pagadas,48,True,False,2.8856367483766325,-18.5,41.5,1.2412186443681283,Ambos métodos,Posible valor extremo; revisar con reglas de negocio.
6761,CLI-106761,cuotas_pagadas,48,True,False,2.8856367483766325,-18.5,41.5,1.2412186443681283,Ambos métodos,Posible valor extremo; revisar con reglas de negocio.
6781,CLI-106781,cuotas_pagadas,42,True,False,2.3820449868170406,-18.5,41.5,1.2412186443681283,Ambos métodos,Posible valor extremo; revisar con reglas de negocio.
6808,CLI-106808,cuotas_pagadas,48,True,False,2.8856367483766325,-18.5,41.5,1.2412186443681283,Ambos métodos,Posible valor extremo; revisar con reglas de negocio.
6820,CLI-106820,cuotas_pagadas,48,True,False,2.8856367483766325,-18.5,41.5,1.2412186443681283,Ambos métodos,Posible valor extremo; revisar con reglas de negocio.
6897,CLI-106897,cuotas_pagadas,56,True,True,3.5570924304560876,-18.5,41.5,1.2412186443681283,Ambos métodos,Valor extremo severo; validar con la fuente original.
6954,CLI-106954,cuotas_pagadas,48,True,False,2.8856367483766325,-18.5,41.5,1.2412186443681283,Ambos métodos,Posible valor extremo; revisar con reglas de negocio.
6986,CLI-106986,cuotas_pagadas,48,True,False,2.8856367483766325,-18.5,41.5,1.2412186443681283,Ambos métodos,Posible valor extremo; revisar con reglas de negocio.
6989,CLI-106989,cuotas_pagadas,42,True,False,2.3820449868170406,-18.5,41.5,1.2412186443681283,Ambos métodos,Posible valor extremo; revisar con reglas de negocio.
7007,CLI-107007,cuotas_pagadas,48,True,False,2.8856367483766325,-18.5,41.5,1.2412186443681283,Ambos métodos,Posible valor extremo; revisar con reglas de negocio.
7082,CLI-107082,cuotas_pagadas,48,True,False,2.8856367483766325,-18.5,41.5,1.2412186443681283,Ambos métodos,Posible valor extremo; revisar con reglas de negocio.
7134,CLI-107134,cuotas_pagadas,48,True,False,2.8856367483766325,-18.5,41.5,1.2412186443681283,Ambos métodos,Posible valor extremo; revisar con reglas de negocio.
7175,CLI-107175,cuotas_pagadas,48,True,False,2.8856367483766325,-18.5,41.5,1.2412186443681283,Ambos métodos,Posible valor extremo; revisar con reglas de negocio.
7197,CLI-107197,cuotas_pagadas,48,True,False,2.8856367483766325,-18.5,41.5,1.2412186443681283,Ambos métodos,Posible valor extremo; revisar con reglas de negocio.
7229,CLI-107229,cuotas_pagadas,48,True,False,2.8856367483766325,-18.5,41.5,1.2412186443681283,Ambos métodos,Posible valor extremo; revisar con reglas de negocio.
7269,CLI-107269,cuotas_pagadas,48,True,False,2.8856367483766325,-18.5,41.5,1.2412186443681283,Ambos métodos,Posible valor extremo; revisar con reglas de negocio.
7274,CLI-107274,cuotas_pagadas,48,True,False,2.8856367483766325,-18.5,41.5,1.2412186443681283,Ambos métodos,Posible valor extremo; revisar con reglas de negocio.
7338,CLI-107338,cuotas_pagadas,48,True,False,2.8856367483766325,-18.5,41.5,1.2412186443681283,Ambos métodos,Posible valor extremo; revisar con reglas de negocio.
7371,CLI-107371,cuotas_pagadas,42,True,False,2.3820449868170406,-18.5,41.5,1.2412186443681283,Ambos métodos,Posible valor extremo; revisar con reglas de negocio.
7403,CLI-107403,cuotas_pagadas,54,True,True,3.389228509936224,-18.5,41.5,1.2412186443681283,Ambos métodos,Valor extremo severo; validar con la fuente original.
7413,CLI-107413,cuotas_pagadas,48,True,False,2.8856367483766325,-18.5,41.5,1.2412186443681283,Ambos métodos,Posible valor extremo; revisar con reglas de negocio.
7415,CLI-107415,cuotas_pagadas,48,True,False,2.8856367483766325,-18.5,41.5,1.2412186443681283,Ambos métodos,Posible valor extremo; revisar con reglas de negocio.
7423,CLI-107423,cuotas_pagadas,48,True,False,2.8856367483766325,-18.5,41.5,1.2412186443681283,Ambos métodos,Posible valor extremo; revisar con reglas de negocio.
7460,CLI-107460,cuotas_pagadas,48,True,False,2.8856367483766325,-18.5,41.5,1.2412186443681283,Ambos métodos,Posible valor extremo; revisar con reglas de negocio.
7466,CLI-107466,cuotas_pagadas,48,True,False,2.8856367483766325,-18.5,41.5,1.2412186443681283,Ambos métodos,Posible valor extremo; revisar con reglas de negocio.
7489,CLI-107489,cuotas_pagadas,43,True,False,2.465976947076973,-18.5,41.5,1.2412186443681283,Ambos métodos,Posible valor extremo; revisar con reglas de negocio.
7552,CLI-107552,cuotas_pagadas,48,True,False,2.8856367483766325,-18.5,41.5,1.2412186443681283,Ambos métodos,Posible valor extremo; revisar con reglas de negocio.
7596,CLI-107596,cuotas_pagadas,48,True,False,2.8856367483766325,-18.5,41.5,1.2412186443681283,Ambos métodos,Posible valor extremo; revisar con reglas de negocio.
7659,CLI-107659,cuotas_pagadas,48,True,False,2.8856367483766325,-18.5,41.5,1.2412186443681283,Ambos métodos,Posible valor extremo; revisar con reglas de negocio.
7722,CLI-107722,cuotas_pagadas,48,True,False,2.8856367483766325,-18.5,41.5,1.2412186443681283,Ambos métodos,Posible valor extremo; revisar con reglas de negocio.
7731,CLI-107731,cuotas_pagadas,48,True,False,2.8856367483766325,-18.5,41.5,1.2412186443681283,Ambos métodos,Posible valor extremo; revisar con reglas de negocio.
7732,CLI-107732,cuotas_pagadas,48,True,False,2.8856367483766325,-18.5,41.5,1.2412186443681283,Ambos métodos,Posible valor extremo; revisar con reglas de negocio.
7738,CLI-107738,cuotas_pagadas,48,True,False,2.8856367483766325,-18.5,41.5,1.2412186443681283,Ambos métodos,Posible valor extremo; revisar con reglas de negocio.
7835,CLI-107835,cuotas_pagadas,42,True,False,2.3820449868170406,-18.5,41.5,1.2412186443681283,Ambos métodos,Posible valor extremo; revisar con reglas de negocio.
7846,CLI-107846,cuotas_pagadas,48,True,False,2.8856367483766325,-18.5,41.5,1.2412186443681283,Ambos métodos,Posible valor extremo; revisar con reglas de negocio.
7863,CLI-107863,cuotas_pagadas,56,True,True,3.5570924304560876,-18.5,41.5,1.2412186443681283,Ambos métodos,Valor extremo severo; validar con la fuente original.
7869,CLI-107869,cuotas_pagadas,48,True,False,2.8856367483766325,-18.5,41.5,1.2412186443681283,Ambos métodos,Posible valor extremo; revisar con reglas de negocio.
7920,CLI-107920,cuotas_pagadas,48,True,False,2.8856367483766325,-18.5,41.5,1.2412186443681283,Ambos métodos,Posible valor extremo; revisar con reglas de negocio.
7926,CLI-107926,cuotas_pagadas,48,True,False,2.8856367483766325,-18.5,41.5,1.2412186443681283,Ambos métodos,Posible valor extremo; revisar con reglas de negocio.
7950,CLI-107950,cuotas_pagadas,48,True,False,2.8856367483766325,-18.5,41.5,1.2412186443681283,Ambos métodos,Posible valor extremo; revisar con reglas de negocio.
8001,CLI-108001,cuotas_pagadas,48,True,False,2.8856367483766325,-18.5,41.5,1.2412186443681283,Ambos métodos,Posible valor extremo; revisar con reglas de negocio.
8006,CLI-108006,cuotas_pagadas,48,True,False,2.8856367483766325,-18.5,41.5,1.2412186443681283,Ambos métodos,Posible valor extremo; revisar con reglas de negocio.
8008,CLI-108008,cuotas_pagadas,48,True,False,2.8856367483766325,-18.5,41.5,1.2412186443681283,Ambos métodos,Posible valor extremo; revisar con reglas de negocio.
8011,CLI-108011,cuotas_pagadas,48,True,False,2.8856367483766325,-18.5,41.5,1.2412186443681283,Ambos métodos,Posible valor extremo; revisar con reglas de negocio.
8012,CLI-108012,cuotas_pagadas,48,True,False,2.8856367483766325,-18.5,41.5,1.2412186443681283,Ambos métodos,Posible valor extremo; revisar con reglas de negocio.
8036,CLI-108036,cuotas_pagadas,48,True,False,2.8856367483766325,-18.5,41.5,1.2412186443681283,Ambos métodos,Posible valor extremo; revisar con reglas de negocio.
8064,CLI-108064,cuotas_pagadas,48,True,False,2.8856367483766325,-18.5,41.5,1.2412186443681283,Ambos métodos,Posible valor extremo; revisar con reglas de negocio.
8072,CLI-108072,cuotas_pagadas,42,True,False,2.3820449868170406,-18.5,41.5,1.2412186443681283,Ambos métodos,Posible valor extremo; revisar con reglas de negocio.
8081,CLI-108081,cuotas_pagadas,48,True,False,2.8856367483766325,-18.5,41.5,1.2412186443681283,Ambos métodos,Posible valor extremo; revisar con reglas de negocio.
8119,CLI-108119,cuotas_pagadas,48,True,False,2.8856367483766325,-18.5,41.5,1.2412186443681283,Ambos métodos,Posible valor extremo; revisar con reglas de negocio.
8144,CLI-108144,cuotas_pagadas,48,True,False,2.8856367483766325,-18.5,41.5,1.2412186443681283,Ambos métodos,Posible valor extremo; revisar con reglas de negocio.
8174,CLI-108174,cuotas_pagadas,48,True,False,2.8856367483766325,-18.5,41.5,1.2412186443681283,Ambos métodos,Posible valor extremo; revisar con reglas de negocio.
8234,CLI-108234,cuotas_pagadas,48,True,False,2.8856367483766325,-18.5,41.5,1.2412186443681283,Ambos métodos,Posible valor extremo; revisar con reglas de negocio.
8238,CLI-108238,cuotas_pagadas,48,True,False,2.8856367483766325,-18.5,41.5,1.2412186443681283,Ambos métodos,Posible valor extremo; revisar con reglas de negocio.
8240,CLI-108240,cuotas_pagadas,48,True,False,2.8856367483766325,-18.5,41.5,1.2412186443681283,Ambos métodos,Posible valor extremo; revisar con reglas de negocio.
8269,CLI-108269,cuotas_pagadas,42,True,False,2.3820449868170406,-18.5,41.5,1.2412186443681283,Ambos métodos,Posible valor extremo; revisar con reglas de negocio.
8278,CLI-108278,cuotas_pagadas,55,True,True,3.473160470196156,-18.5,41.5,1.2412186443681283,Ambos métodos,Valor extremo severo; validar con la fuente original.
8353,CLI-108353,cuotas_pagadas,48,True,False,2.8856367483766325,-18.5,41.5,1.2412186443681283,Ambos métodos,Posible valor extremo; revisar con reglas de negocio.
8355,CLI-108355,cuotas_pagadas,42,True,False,2.3820449868170406,-18.5,41.5,1.2412186443681283,Ambos métodos,Posible valor extremo; revisar con reglas de negocio.
8369,CLI-108369,cuotas_pagadas,48,True,False,2.8856367483766325,-18.5,41.5,1.2412186443681283,Ambos métodos,Posible valor extremo; revisar con reglas de negocio.
8379,CLI-108379,cuotas_pagadas,48,True,False,2.8856367483766325,-18.5,41.5,1.2412186443681283,Ambos métodos,Posible valor extremo; revisar con reglas de negocio.
8384,CLI-108384,cuotas_pagadas,48,True,False,2.8856367483766325,-18.5,41.5,1.2412186443681283,Ambos métodos,Posible valor extremo; revisar con reglas de negocio.
8434,CLI-108434,cuotas_pagadas,48,True,False,2.8856367483766325,-18.5,41.5,1.2412186443681283,Ambos métodos,Posible valor extremo; revisar con reglas de negocio.
8448,CLI-108448,cuotas_pagadas,48,True,False,2.8856367483766325,-18.5,41.5,1.2412186443681283,Ambos métodos,Posible valor extremo; revisar con reglas de negocio.
8487,CLI-108487,cuotas_pagadas,48,True,False,2.8856367483766325,-18.5,41.5,1.2412186443681283,Ambos métodos,Posible valor extremo; revisar con reglas de negocio.
8531,CLI-108531,cuotas_pagadas,49,True,False,2.9695687086365643,-18.5,41.5,1.2412186443681283,Ambos métodos,Posible valor extremo; revisar con reglas de negocio.
8547,CLI-108547,cuotas_pagadas,48,True,False,2.8856367483766325,-18.5,41.5,1.2412186443681283,Ambos métodos,Posible valor extremo; revisar con reglas de negocio.
8573,CLI-108573,cuotas_pagadas,48,True,False,2.8856367483766325,-18.5,41.5,1.2412186443681283,Ambos métodos,Posible valor extremo; revisar con reglas de negocio.
8577,CLI-108577,cuotas_pagadas,48,True,False,2.8856367483766325,-18.5,41.5,1.2412186443681283,Ambos métodos,Posible valor extremo; revisar con reglas de negocio.
8605,CLI-108605,cuotas_pagadas,48,True,False,2.8856367483766325,-18.5,41.5,1.2412186443681283,Ambos métodos,Posible valor extremo; revisar con reglas de negocio.
8610,CLI-108610,cuotas_pagadas,42,True,False,2.3820449868170406,-18.5,41.5,1.2412186443681283,Ambos métodos,Posible valor extremo; revisar con reglas de negocio.
8676,CLI-108676,cuotas_pagadas,48,True,False,2.8856367483766325,-18.5,41.5,1.2412186443681283,Ambos métodos,Posible valor extremo; revisar con reglas de negocio.
8703,CLI-108703,cuotas_pagadas,48,True,False,2.8856367483766325,-18.5,41.5,1.2412186443681283,Ambos métodos,Posible valor extremo; revisar con reglas de negocio.
8707,CLI-108707,cuotas_pagadas,42,True,False,2.3820449868170406,-18.5,41.5,1.2412186443681283,Ambos métodos,Posible valor extremo; revisar con reglas de negocio.
8737,CLI-108737,cuotas_pagadas,42,True,False,2.3820449868170406,-18.5,41.5,1.2412186443681283,Ambos métodos,Posible valor extremo; revisar con reglas de negocio.
8753,CLI-108753,cuotas_pagadas,48,True,False,2.8856367483766325,-18.5,41.5,1.2412186443681283,Ambos métodos,Posible valor extremo; revisar con reglas de negocio.
8772,CLI-108772,cuotas_pagadas,48,True,False,2.8856367483766325,-18.5,41.5,1.2412186443681283,Ambos métodos,Posible valor extremo; revisar con reglas de negocio.
8785,CLI-108785,cuotas_pagadas,42,True,False,2.3820449868170406,-18.5,41.5,1.2412186443681283,Ambos métodos,Posible valor extremo; revisar con reglas de negocio.
8843,CLI-108843,cuotas_pagadas,43,True,False,2.465976947076973,-18.5,41.5,1.2412186443681283,Ambos métodos,Posible valor extremo; revisar con reglas de negocio.
8851,CLI-108851,cuotas_pagadas,48,True,False,2.8856367483766325,-18.5,41.5,1.2412186443681283,Ambos métodos,Posible valor extremo; revisar con reglas de negocio.
8858,CLI-108858,cuotas_pagadas,48,True,False,2.8856367483766325,-18.5,41.5,1.2412186443681283,Ambos métodos,Posible valor extremo; revisar con reglas de negocio.
8864,CLI-108864,cuotas_pagadas,48,True,False,2.8856367483766325,-18.5,41.5,1.2412186443681283,Ambos métodos,Posible valor extremo; revisar con reglas de negocio.
8886,CLI-108886,cuotas_pagadas,42,True,False,2.3820449868170406,-18.5,41.5,1.2412186443681283,Ambos métodos,Posible valor extremo; revisar con reglas de negocio.
8892,CLI-108892,cuotas_pagadas,48,True,False,2.8856367483766325,-18.5,41.5,1.2412186443681283,Ambos métodos,Posible valor extremo; revisar con reglas de negocio.
8913,CLI-108913,cuotas_pagadas,48,True,False,2.8856367483766325,-18.5,41.5,1.2412186443681283,Ambos métodos,Posible valor extremo; revisar con reglas de negocio.
8925,CLI-108925,cuotas_pagadas,48,True,False,2.8856367483766325,-18.5,41.5,1.2412186443681283,Ambos métodos,Posible valor extremo; revisar con reglas de negocio.
8956,CLI-108956,cuotas_pagadas,48,True,False,2.8856367483766325,-18.5,41.5,1.2412186443681283,Ambos métodos,Posible valor extremo; revisar con reglas de negocio.
9058,CLI-109058,cuotas_pagadas,48,True,False,2.8856367483766325,-18.5,41.5,1.2412186443681283,Ambos métodos,Posible valor extremo; revisar con reglas de negocio.
9110,CLI-109110,cuotas_pagadas,55,True,True,3.473160470196156,-18.5,41.5,1.2412186443681283,Ambos métodos,Valor extremo severo; validar con la fuente original.
9114,CLI-109114,cuotas_pagadas,48,True,False,2.8856367483766325,-18.5,41.5,1.2412186443681283,Ambos métodos,Posible valor extremo; revisar con reglas de negocio.
9132,CLI-109132,cuotas_pagadas,48,True,False,2.8856367483766325,-18.5,41.5,1.2412186443681283,Ambos métodos,Posible valor extremo; revisar con reglas de negocio.
9225,CLI-109225,cuotas_pagadas,48,True,False,2.8856367483766325,-18.5,41.5,1.2412186443681283,Ambos métodos,Posible valor extremo; revisar con reglas de negocio.
9318,CLI-109318,cuotas_pagadas,48,True,False,2.8856367483766325,-18.5,41.5,1.2412186443681283,Ambos métodos,Posible valor extremo; revisar con reglas de negocio.
9327,CLI-109327,cuotas_pagadas,48,True,False,2.8856367483766325,-18.5,41.5,1.2412186443681283,Ambos métodos,Posible valor extremo; revisar con reglas de negocio.
9332,CLI-109332,cuotas_pagadas,56,True,True,3.5570924304560876,-18.5,41.5,1.2412186443681283,Ambos métodos,Valor extremo severo; validar con la fuente original.
9351,CLI-109351,cuotas_pagadas,48,True,False,2.8856367483766325,-18.5,41.5,1.2412186443681283,Ambos métodos,Posible valor extremo; revisar con reglas de negocio.
9413,CLI-109413,cuotas_pagadas,48,True,False,2.8856367483766325,-18.5,41.5,1.2412186443681283,Ambos métodos,Posible valor extremo; revisar con reglas de negocio.
9419,CLI-109419,cuotas_pagadas,48,True,False,2.8856367483766325,-18.5,41.5,1.2412186443681283,Ambos métodos,Posible valor extremo; revisar con reglas de negocio.
9420,CLI-109420,cuotas_pagadas,48,True,False,2.8856367483766325,-18.5,41.5,1.2412186443681283,Ambos métodos,Posible valor extremo; revisar con reglas de negocio.
9436,CLI-109436,cuotas_pagadas,48,True,False,2.8856367483766325,-18.5,41.5,1.2412186443681283,Ambos métodos,Posible valor extremo; revisar con reglas de negocio.
9444,CLI-109444,cuotas_pagadas,48,True,False,2.8856367483766325,-18.5,41.5,1.2412186443681283,Ambos métodos,Posible valor extremo; revisar con reglas de negocio.
9446,CLI-109446,cuotas_pagadas,48,True,False,2.8856367483766325,-18.5,41.5,1.2412186443681283,Ambos métodos,Posible valor extremo; revisar con reglas de negocio.
9464,CLI-109464,cuotas_pagadas,48,True,False,2.8856367483766325,-18.5,41.5,1.2412186443681283,Ambos métodos,Posible valor extremo; revisar con reglas de negocio.
9482,CLI-109482,cuotas_pagadas,48,True,False,2.8856367483766325,-18.5,41.5,1.2412186443681283,Ambos métodos,Posible valor extremo; revisar con reglas de negocio.
9575,CLI-109575,cuotas_pagadas,48,True,False,2.8856367483766325,-18.5,41.5,1.2412186443681283,Ambos métodos,Posible valor extremo; revisar con reglas de negocio.
9590,CLI-109590,cuotas_pagadas,48,True,False,2.8856367483766325,-18.5,41.5,1.2412186443681283,Ambos métodos,Posible valor extremo; revisar con reglas de negocio.
9703,CLI-109703,cuotas_pagadas,48,True,False,2.8856367483766325,-18.5,41.5,1.2412186443681283,Ambos métodos,Posible valor extremo; revisar con reglas de negocio.
9763,CLI-109763,cuotas_pagadas,48,True,False,2.8856367483766325,-18.5,41.5,1.2412186443681283,Ambos métodos,Posible valor extremo; revisar con reglas de negocio.
9780,CLI-109780,cuotas_pagadas,48,True,False,2.8856367483766325,-18.5,41.5,1.2412186443681283,Ambos métodos,Posible valor extremo; revisar con reglas de negocio.
9819,CLI-109819,cuotas_pagadas,48,True,False,2.8856367483766325,-18.5,41.5,1.2412186443681283,Ambos métodos,Posible valor extremo; revisar con reglas de negocio.
9821,CLI-109821,cuotas_pagadas,48,True,False,2.8856367483766325,-18.5,41.5,1.2412186443681283,Ambos métodos,Posible valor extremo; revisar con reglas de negocio.
9826,CLI-109826,cuotas_pagadas,48,True,False,2.8856367483766325,-18.5,41.5,1.2412186443681283,Ambos métodos,Posible valor extremo; revisar con reglas de negocio.
9896,CLI-109896,cuotas_pagadas,48,True,False,2.8856367483766325,-18.5,41.5,1.2412186443681283,Ambos métodos,Posible valor extremo; revisar con reglas de negocio.
9910,CLI-109910,cuotas_pagadas,48,True,False,2.8856367483766325,-18.5,41.5,1.2412186443681283,Ambos métodos,Posible valor extremo; revisar con reglas de negocio.
9956,CLI-109956,cuotas_pagadas,48,True,False,2.8856367483766325,-18.5,41.5,1.2412186443681283,Ambos métodos,Posible valor extremo; revisar con reglas de negocio.
9994,CLI-109994,cuotas_pagadas,48,True,False,2.8856367483766325,-18.5,41.5,1.2412186443681283,Ambos métodos,Posible valor extremo; revisar con reglas de negocio.
10038,CLI-110038,cuotas_pagadas,48,True,False,2.8856367483766325,-18.5,41.5,1.2412186443681283,Ambos métodos,Posible valor extremo; revisar con reglas de negocio.
10082,CLI-110082,cuotas_pagadas,48,True,False,2.8856367483766325,-18.5,41.5,1.2412186443681283,Ambos métodos,Posible valor extremo; revisar con reglas de negocio.
10139,CLI-110139,cuotas_pagadas,48,True,False,2.8856367483766325,-18.5,41.5,1.2412186443681283,Ambos métodos,Posible valor extremo; revisar con reglas de negocio.
10157,CLI-110157,cuotas_pagadas,48,True,False,2.8856367483766325,-18.5,41.5,1.2412186443681283,Ambos métodos,Posible valor extremo; revisar con reglas de negocio.
10183,CLI-110183,cuotas_pagadas,48,True,False,2.8856367483766325,-18.5,41.5,1.2412186443681283,Ambos métodos,Posible valor extremo; revisar con reglas de negocio.
10209,CLI-110209,cuotas_pagadas,48,True,False,2.8856367483766325,-18.5,41.5,1.2412186443681283,Ambos métodos,Posible valor extremo; revisar con reglas de negocio.
10259,CLI-110259,cuotas_pagadas,48,True,False,2.8856367483766325,-18.5,41.5,1.2412186443681283,Ambos métodos,Posible valor extremo; revisar con reglas de negocio.
10275,CLI-110275,cuotas_pagadas,48,True,False,2.8856367483766325,-18.5,41.5,1.2412186443681283,Ambos métodos,Posible valor extremo; revisar con reglas de negocio.
10295,CLI-110295,cuotas_pagadas,48,True,False,2.8856367483766325,-18.5,41.5,1.2412186443681283,Ambos métodos,Posible valor extremo; revisar con reglas de negocio.
10306,CLI-110306,cuotas_pagadas,42,True,False,2.3820449868170406,-18.5,41.5,1.2412186443681283,Ambos métodos,Posible valor extremo; revisar con reglas de negocio.
10313,CLI-110313,cuotas_pagadas,48,True,False,2.8856367483766325,-18.5,41.5,1.2412186443681283,Ambos métodos,Posible valor extremo; revisar con reglas de negocio.
10333,CLI-110333,cuotas_pagadas,48,True,False,2.8856367483766325,-18.5,41.5,1.2412186443681283,Ambos métodos,Posible valor extremo; revisar con reglas de negocio.
10382,CLI-110382,cuotas_pagadas,48,True,False,2.8856367483766325,-18.5,41.5,1.2412186443681283,Ambos métodos,Posible valor extremo; revisar con reglas de negocio.
10393,CLI-110393,cuotas_pagadas,48,True,False,2.8856367483766325,-18.5,41.5,1.2412186443681283,Ambos métodos,Posible valor extremo; revisar con reglas de negocio.
10396,CLI-110396,cuotas_pagadas,48,True,False,2.8856367483766325,-18.5,41.5,1.2412186443681283,Ambos métodos,Posible valor extremo; revisar con reglas de negocio.
10397,CLI-110397,cuotas_pagadas,48,True,False,2.8856367483766325,-18.5,41.5,1.2412186443681283,Ambos métodos,Posible valor extremo; revisar con reglas de negocio.
10423,CLI-110423,cuotas_pagadas,48,True,False,2.8856367483766325,-18.5,41.5,1.2412186443681283,Ambos métodos,Posible valor extremo; revisar con reglas de negocio.
10427,CLI-110427,cuotas_pagadas,48,True,False,2.8856367483766325,-18.5,41.5,1.2412186443681283,Ambos métodos,Posible valor extremo; revisar con reglas de negocio.
10439,CLI-110439,cuotas_pagadas,48,True,False,2.8856367483766325,-18.5,41.5,1.2412186443681283,Ambos métodos,Posible valor extremo; revisar con reglas de negocio.
10494,CLI-110494,cuotas_pagadas,48,True,False,2.8856367483766325,-18.5,41.5,1.2412186443681283,Ambos métodos,Posible valor extremo; revisar con reglas de negocio.
10531,CLI-110531,cuotas_pagadas,48,True,False,2.8856367483766325,-18.5,41.5,1.2412186443681283,Ambos métodos,Posible valor extremo; revisar con reglas de negocio.
10532,CLI-110532,cuotas_pagadas,48,True,False,2.8856367483766325,-18.5,41.5,1.2412186443681283,Ambos métodos,Posible valor extremo; revisar con reglas de negocio.
10619,CLI-110619,cuotas_pagadas,48,True,False,2.8856367483766325,-18.5,41.5,1.2412186443681283,Ambos métodos,Posible valor extremo; revisar con reglas de negocio.
10652,CLI-110652,cuotas_pagadas,48,True,False,2.8856367483766325,-18.5,41.5,1.2412186443681283,Ambos métodos,Posible valor extremo; revisar con reglas de negocio.
10676,CLI-110676,cuotas_pagadas,48,True,False,2.8856367483766325,-18.5,41.5,1.2412186443681283,Ambos métodos,Posible valor extremo; revisar con reglas de negocio.
10715,CLI-110715,cuotas_pagadas,48,True,False,2.8856367483766325,-18.5,41.5,1.2412186443681283,Ambos métodos,Posible valor extremo; revisar con reglas de negocio.
10757,CLI-110757,cuotas_pagadas,42,True,False,2.3820449868170406,-18.5,41.5,1.2412186443681283,Ambos métodos,Posible valor extremo; revisar con reglas de negocio.
10772,CLI-110772,cuotas_pagadas,48,True,False,2.8856367483766325,-18.5,41.5,1.2412186443681283,Ambos métodos,Posible valor extremo; revisar con reglas de negocio.
10781,CLI-110781,cuotas_pagadas,52,True,True,3.22136458941636,-18.5,41.5,1.2412186443681283,Ambos métodos,Valor extremo severo; validar con la fuente original.
10830,CLI-110830,cuotas_pagadas,42,True,False,2.3820449868170406,-18.5,41.5,1.2412186443681283,Ambos métodos,Posible valor extremo; revisar con reglas de negocio.
10952,CLI-110952,cuotas_pagadas,48,True,False,2.8856367483766325,-18.5,41.5,1.2412186443681283,Ambos métodos,Posible valor extremo; revisar con reglas de negocio.
10956,CLI-110956,cuotas_pagadas,48,True,False,2.8856367483766325,-18.5,41.5,1.2412186443681283,Ambos métodos,Posible valor extremo; revisar con reglas de negocio.
10966,CLI-110966,cuotas_pagadas,56,True,True,3.5570924304560876,-18.5,41.5,1.2412186443681283,Ambos métodos,Valor extremo severo; validar con la fuente original.
10979,CLI-110979,cuotas_pagadas,48,True,False,2.8856367483766325,-18.5,41.5,1.2412186443681283,Ambos métodos,Posible valor extremo; revisar con reglas de negocio.
10990,CLI-110990,cuotas_pagadas,48,True,False,2.8856367483766325,-18.5,41.5,1.2412186443681283,Ambos métodos,Posible valor extremo; revisar con reglas de negocio.
11048,CLI-111048,cuotas_pagadas,42,True,False,2.3820449868170406,-18.5,41.5,1.2412186443681283,Ambos métodos,Posible valor extremo; revisar con reglas de negocio.
11120,CLI-111120,cuotas_pagadas,48,True,False,2.8856367483766325,-18.5,41.5,1.2412186443681283,Ambos métodos,Posible valor extremo; revisar con reglas de negocio.
11139,CLI-111139,cuotas_pagadas,48,True,False,2.8856367483766325,-18.5,41.5,1.2412186443681283,Ambos métodos,Posible valor extremo; revisar con reglas de negocio.
11188,CLI-111188,cuotas_pagadas,43,True,False,2.465976947076973,-18.5,41.5,1.2412186443681283,Ambos métodos,Posible valor extremo; revisar con reglas de negocio.
11199,CLI-111199,cuotas_pagadas,48,True,False,2.8856367483766325,-18.5,41.5,1.2412186443681283,Ambos métodos,Posible valor extremo; revisar con reglas de negocio.
11211,CLI-111211,cuotas_pagadas,48,True,False,2.8856367483766325,-18.5,41.5,1.2412186443681283,Ambos métodos,Posible valor extremo; revisar con reglas de negocio.
11225,CLI-111225,cuotas_pagadas,48,True,False,2.8856367483766325,-18.5,41.5,1.2412186443681283,Ambos métodos,Posible valor extremo; revisar con reglas de negocio.
11260,CLI-111260,cuotas_pagadas,48,True,False,2.8856367483766325,-18.5,41.5,1.2412186443681283,Ambos métodos,Posible valor extremo; revisar con reglas de negocio.
11265,CLI-111265,cuotas_pagadas,51,True,True,3.1374326291564283,-18.5,41.5,1.2412186443681283,Ambos métodos,Valor extremo severo; validar con la fuente original.
11273,CLI-111273,cuotas_pagadas,48,True,False,2.8856367483766325,-18.5,41.5,1.2412186443681283,Ambos métodos,Posible valor extremo; revisar con reglas de negocio.
11296,CLI-111296,cuotas_pagadas,42,True,False,2.3820449868170406,-18.5,41.5,1.2412186443681283,Ambos métodos,Posible valor extremo; revisar con reglas de negocio.
11410,CLI-111410,cuotas_pagadas,48,True,False,2.8856367483766325,-18.5,41.5,1.2412186443681283,Ambos métodos,Posible valor extremo; revisar con reglas de negocio.
11436,CLI-111436,cuotas_pagadas,48,True,False,2.8856367483766325,-18.5,41.5,1.2412186443681283,Ambos métodos,Posible valor extremo; revisar con reglas de negocio.
11486,CLI-111486,cuotas_pagadas,48,True,False,2.8856367483766325,-18.5,41.5,1.2412186443681283,Ambos métodos,Posible valor extremo; revisar con reglas de negocio.
11487,CLI-111487,cuotas_pagadas,48,True,False,2.8856367483766325,-18.5,41.5,1.2412186443681283,Ambos métodos,Posible valor extremo; revisar con reglas de negocio.
11529,CLI-111529,cuotas_pagadas,48,True,False,2.8856367483766325,-18.5,41.5,1.2412186443681283,Ambos métodos,Posible valor extremo; revisar con reglas de negocio.
11530,CLI-111530,cuotas_pagadas,50,True,True,3.053500668896496,-18.5,41.5,1.2412186443681283,Ambos métodos,Valor extremo severo; validar con la fuente original.
11542,CLI-111542,cuotas_pagadas,48,True,False,2.8856367483766325,-18.5,41.5,1.2412186443681283,Ambos métodos,Posible valor extremo; revisar con reglas de negocio.
11549,CLI-111549,cuotas_pagadas,48,True,False,2.8856367483766325,-18.5,41.5,1.2412186443681283,Ambos métodos,Posible valor extremo; revisar con reglas de negocio.
11574,CLI-111574,cuotas_pagadas,42,True,False,2.3820449868170406,-18.5,41.5,1.2412186443681283,Ambos métodos,Posible valor extremo; revisar con reglas de negocio.
11579,CLI-111579,cuotas_pagadas,48,True,False,2.8856367483766325,-18.5,41.5,1.2412186443681283,Ambos métodos,Posible valor extremo; revisar con reglas de negocio.
11583,CLI-111583,cuotas_pagadas,42,True,False,2.3820449868170406,-18.5,41.5,1.2412186443681283,Ambos métodos,Posible valor extremo; revisar con reglas de negocio.
11613,CLI-111613,cuotas_pagadas,48,True,False,2.8856367483766325,-18.5,41.5,1.2412186443681283,Ambos métodos,Posible valor extremo; revisar con reglas de negocio.
11629,CLI-111629,cuotas_pagadas,42,True,False,2.3820449868170406,-18.5,41.5,1.2412186443681283,Ambos métodos,Posible valor extremo; revisar con reglas de negocio.
11636,CLI-111636,cuotas_pagadas,53,True,True,3.305296549676292,-18.5,41.5,1.2412186443681283,Ambos métodos,Valor extremo severo; validar con la fuente original.
11639,CLI-111639,cuotas_pagadas,48,True,False,2.8856367483766325,-18.5,41.5,1.2412186443681283,Ambos métodos,Posible valor extremo; revisar con reglas de negocio.
11653,CLI-111653,cuotas_pagadas,43,True,False,2.465976947076973,-18.5,41.5,1.2412186443681283,Ambos métodos,Posible valor extremo; revisar con reglas de negocio.
11693,CLI-111693,cuotas_pagadas,48,True,False,2.8856367483766325,-18.5,41.5,1.2412186443681283,Ambos métodos,Posible valor extremo; revisar con reglas de negocio.
11697,CLI-111697,cuotas_pagadas,48,True,False,2.8856367483766325,-18.5,41.5,1.2412186443681283,Ambos métodos,Posible valor extremo; revisar con reglas de negocio.
11709,CLI-111709,cuotas_pagadas,52,True,True,3.22136458941636,-18.5,41.5,1.2412186443681283,Ambos métodos,Valor extremo severo; validar con la fuente original.
11752,CLI-111752,cuotas_pagadas,48,True,False,2.8856367483766325,-18.5,41.5,1.2412186443681283,Ambos métodos,Posible valor extremo; revisar con reglas de negocio.
11758,CLI-111758,cuotas_pagadas,48,True,False,2.8856367483766325,-18.5,41.5,1.2412186443681283,Ambos métodos,Posible valor extremo; revisar con reglas de negocio.
11782,CLI-111782,cuotas_pagadas,42,True,False,2.3820449868170406,-18.5,41.5,1.2412186443681283,Ambos métodos,Posible valor extremo; revisar con reglas de negocio.
11799,CLI-111799,cuotas_pagadas,48,True,False,2.8856367483766325,-18.5,41.5,1.2412186443681283,Ambos métodos,Posible valor extremo; revisar con reglas de negocio.
11808,CLI-111808,cuotas_pagadas,48,True,False,2.8856367483766325,-18.5,41.5,1.2412186443681283,Ambos métodos,Posible valor extremo; revisar con reglas de negocio.
11832,CLI-111832,cuotas_pagadas,48,True,False,2.8856367483766325,-18.5,41.5,1.2412186443681283,Ambos métodos,Posible valor extremo; revisar con reglas de negocio.
11836,CLI-111836,cuotas_pagadas,42,True,False,2.3820449868170406,-18.5,41.5,1.2412186443681283,Ambos métodos,Posible valor extremo; revisar con reglas de negocio.
11863,CLI-111863,cuotas_pagadas,48,True,False,2.8856367483766325,-18.5,41.5,1.2412186443681283,Ambos métodos,Posible valor extremo; revisar con reglas de negocio.
11872,CLI-111872,cuotas_pagadas,44,True,False,2.5499089073369046,-18.5,41.5,1.2412186443681283,Ambos métodos,Posible valor extremo; revisar con reglas de negocio.
11876,CLI-111876,cuotas_pagadas,55,True,True,3.473160470196156,-18.5,41.5,1.2412186443681283,Ambos métodos,Valor extremo severo; validar con la fuente original.
11896,CLI-111896,cuotas_pagadas,48,True,False,2.8856367483766325,-18.5,41.5,1.2412186443681283,Ambos métodos,Posible valor extremo; revisar con reglas de negocio.
11906,CLI-111906,cuotas_pagadas,48,True,False,2.8856367483766325,-18.5,41.5,1.2412186443681283,Ambos métodos,Posible valor extremo; revisar con reglas de negocio.
11923,CLI-111923,cuotas_pagadas,48,True,False,2.8856367483766325,-18.5,41.5,1.2412186443681283,Ambos métodos,Posible valor extremo; revisar con reglas de negocio.
11951,CLI-111951,cuotas_pagadas,48,True,False,2.8856367483766325,-18.5,41.5,1.2412186443681283,Ambos métodos,Posible valor extremo; revisar con reglas de negocio.
11968,CLI-111968,cuotas_pagadas,43,True,False,2.465976947076973,-18.5,41.5,1.2412186443681283,Ambos métodos,Posible valor extremo; revisar con reglas de negocio.
11997,CLI-111997,cuotas_pagadas,48,True,False,2.8856367483766325,-18.5,41.5,1.2412186443681283,Ambos métodos,Posible valor extremo; revisar con reglas de negocio.
12067,CLI-112067,cuotas_pagadas,48,True,False,2.8856367483766325,-18.5,41.5,1.2412186443681283,Ambos métodos,Posible valor extremo; revisar con reglas de negocio.
12120,CLI-112120,cuotas_pagadas,50,True,True,3.053500668896496,-18.5,41.5,1.2412186443681283,Ambos métodos,Valor extremo severo; validar con la fuente original.
12157,CLI-112157,cuotas_pagadas,48,True,False,2.8856367483766325,-18.5,41.5,1.2412186443681283,Ambos métodos,Posible valor extremo; revisar con reglas de negocio.
12183,CLI-112183,cuotas_pagadas,48,True,False,2.8856367483766325,-18.5,41.5,1.2412186443681283,Ambos métodos,Posible valor extremo; revisar con reglas de negocio.
12207,CLI-112207,cuotas_pagadas,48,True,False,2.8856367483766325,-18.5,41.5,1.2412186443681283,Ambos métodos,Posible valor extremo; revisar con reglas de negocio.
12253,CLI-112253,cuotas_pagadas,48,True,False,2.8856367483766325,-18.5,41.5,1.2412186443681283,Ambos métodos,Posible valor extremo; revisar con reglas de negocio.
12281,CLI-112281,cuotas_pagadas,48,True,False,2.8856367483766325,-18.5,41.5,1.2412186443681283,Ambos métodos,Posible valor extremo; revisar con reglas de negocio.
12333,CLI-112333,cuotas_pagadas,48,True,False,2.8856367483766325,-18.5,41.5,1.2412186443681283,Ambos métodos,Posible valor extremo; revisar con reglas de negocio.
12370,CLI-112370,cuotas_pagadas,48,True,False,2.8856367483766325,-18.5,41.5,1.2412186443681283,Ambos métodos,Posible valor extremo; revisar con reglas de negocio.
12394,CLI-112394,cuotas_pagadas,48,True,False,2.8856367483766325,-18.5,41.5,1.2412186443681283,Ambos métodos,Posible valor extremo; revisar con reglas de negocio.
12410,CLI-112410,cuotas_pagadas,48,True,False,2.8856367483766325,-18.5,41.5,1.2412186443681283,Ambos métodos,Posible valor extremo; revisar con reglas de negocio.
12454,CLI-112454,cuotas_pagadas,48,True,False,2.8856367483766325,-18.5,41.5,1.2412186443681283,Ambos métodos,Posible valor extremo; revisar con reglas de negocio.
12494,CLI-112494,cuotas_pagadas,48,True,False,2.8856367483766325,-18.5,41.5,1.2412186443681283,Ambos métodos,Posible valor extremo; revisar con reglas de negocio.
12550,CLI-112550,cuotas_pagadas,48,True,False,2.8856367483766325,-18.5,41.5,1.2412186443681283,Ambos métodos,Posible valor extremo; revisar con reglas de negocio.
12557,CLI-112557,cuotas_pagadas,48,True,False,2.8856367483766325,-18.5,41.5,1.2412186443681283,Ambos métodos,Posible valor extremo; revisar con reglas de negocio.
12571,CLI-112571,cuotas_pagadas,55,True,True,3.473160470196156,-18.5,41.5,1.2412186443681283,Ambos métodos,Valor extremo severo; validar con la fuente original.
12591,CLI-112591,cuotas_pagadas,48,True,False,2.8856367483766325,-18.5,41.5,1.2412186443681283,Ambos métodos,Posible valor extremo; revisar con reglas de negocio.
12601,CLI-112601,cuotas_pagadas,48,True,False,2.8856367483766325,-18.5,41.5,1.2412186443681283,Ambos métodos,Posible valor extremo; revisar con reglas de negocio.
12715,CLI-112715,cuotas_pagadas,48,True,False,2.8856367483766325,-18.5,41.5,1.2412186443681283,Ambos métodos,Posible valor extremo; revisar con reglas de negocio.
12723,CLI-112723,cuotas_pagadas,48,True,False,2.8856367483766325,-18.5,41.5,1.2412186443681283,Ambos métodos,Posible valor extremo; revisar con reglas de negocio.
12731,CLI-112731,cuotas_pagadas,48,True,False,2.8856367483766325,-18.5,41.5,1.2412186443681283,Ambos métodos,Posible valor extremo; revisar con reglas de negocio.
12767,CLI-112767,cuotas_pagadas,48,True,False,2.8856367483766325,-18.5,41.5,1.2412186443681283,Ambos métodos,Posible valor extremo; revisar con reglas de negocio.
12780,CLI-112780,cuotas_pagadas,48,True,False,2.8856367483766325,-18.5,41.5,1.2412186443681283,Ambos métodos,Posible valor extremo; revisar con reglas de negocio.
12789,CLI-112789,cuotas_pagadas,48,True,False,2.8856367483766325,-18.5,41.5,1.2412186443681283,Ambos métodos,Posible valor extremo; revisar con reglas de negocio.
12813,CLI-112813,cuotas_pagadas,48,True,False,2.8856367483766325,-18.5,41.5,1.2412186443681283,Ambos métodos,Posible valor extremo; revisar con reglas de negocio.
12831,CLI-112831,cuotas_pagadas,48,True,False,2.8856367483766325,-18.5,41.5,1.2412186443681283,Ambos métodos,Posible valor extremo; revisar con reglas de negocio.
12875,CLI-112875,cuotas_pagadas,48,True,False,2.8856367483766325,-18.5,41.5,1.2412186443681283,Ambos métodos,Posible valor extremo; revisar con reglas de negocio.
12884,CLI-112884,cuotas_pagadas,48,True,False,2.8856367483766325,-18.5,41.5,1.2412186443681283,Ambos métodos,Posible valor extremo; revisar con reglas de negocio.
12900,CLI-112900,cuotas_pagadas,48,True,False,2.8856367483766325,-18.5,41.5,1.2412186443681283,Ambos métodos,Posible valor extremo; revisar con reglas de negocio.
12907,CLI-112907,cuotas_pagadas,48,True,False,2.8856367483766325,-18.5,41.5,1.2412186443681283,Ambos métodos,Posible valor extremo; revisar con reglas de negocio.
12915,CLI-112915,cuotas_pagadas,48,True,False,2.8856367483766325,-18.5,41.5,1.2412186443681283,Ambos métodos,Posible valor extremo; revisar con reglas de negocio.
12919,CLI-112919,cuotas_pagadas,48,True,False,2.8856367483766325,-18.5,41.5,1.2412186443681283,Ambos métodos,Posible valor extremo; revisar con reglas de negocio.
12944,CLI-112944,cuotas_pagadas,48,True,False,2.8856367483766325,-18.5,41.5,1.2412186443681283,Ambos métodos,Posible valor extremo; revisar con reglas de negocio.
12959,CLI-112959,cuotas_pagadas,48,True,False,2.8856367483766325,-18.5,41.5,1.2412186443681283,Ambos métodos,Posible valor extremo; revisar con reglas de negocio.
12985,CLI-112985,cuotas_pagadas,48,True,False,2.8856367483766325,-18.5,41.5,1.2412186443681283,Ambos métodos,Posible valor extremo; revisar con reglas de negocio.
13057,CLI-113057,cuotas_pagadas,48,True,False,2.8856367483766325,-18.5,41.5,1.2412186443681283,Ambos métodos,Posible valor extremo; revisar con reglas de negocio.
13062,CLI-113062,cuotas_pagadas,48,True,False,2.8856367483766325,-18.5,41.5,1.2412186443681283,Ambos métodos,Posible valor extremo; revisar con reglas de negocio.
13099,CLI-113099,cuotas_pagadas,48,True,False,2.8856367483766325,-18.5,41.5,1.2412186443681283,Ambos métodos,Posible valor extremo; revisar con reglas de negocio.
13126,CLI-113126,cuotas_pagadas,42,True,False,2.3820449868170406,-18.5,41.5,1.2412186443681283,Ambos métodos,Posible valor extremo; revisar con reglas de negocio.
13137,CLI-113137,cuotas_pagadas,48,True,False,2.8856367483766325,-18.5,41.5,1.2412186443681283,Ambos métodos,Posible valor extremo; revisar con reglas de negocio.
13179,CLI-113179,cuotas_pagadas,48,True,False,2.8856367483766325,-18.5,41.5,1.2412186443681283,Ambos métodos,Posible valor extremo; revisar con reglas de negocio.
13201,CLI-113201,cuotas_pagadas,48,True,False,2.8856367483766325,-18.5,41.5,1.2412186443681283,Ambos métodos,Posible valor extremo; revisar con reglas de negocio.
13230,CLI-113230,cuotas_pagadas,48,True,False,2.8856367483766325,-18.5,41.5,1.2412186443681283,Ambos métodos,Posible valor extremo; revisar con reglas de negocio.
13271,CLI-113271,cuotas_pagadas,48,True,False,2.8856367483766325,-18.5,41.5,1.2412186443681283,Ambos métodos,Posible valor extremo; revisar con reglas de negocio.
13275,CLI-113275,cuotas_pagadas,48,True,False,2.8856367483766325,-18.5,41.5,1.2412186443681283,Ambos métodos,Posible valor extremo; revisar con reglas de negocio.
13281,CLI-113281,cuotas_pagadas,48,True,False,2.8856367483766325,-18.5,41.5,1.2412186443681283,Ambos métodos,Posible valor extremo; revisar con reglas de negocio.
13405,CLI-113405,cuotas_pagadas,48,True,False,2.8856367483766325,-18.5,41.5,1.2412186443681283,Ambos métodos,Posible valor extremo; revisar con reglas de negocio.
13508,CLI-113508,cuotas_pagadas,42,True,False,2.3820449868170406,-18.5,41.5,1.2412186443681283,Ambos métodos,Posible valor extremo; revisar con reglas de negocio.
13667,CLI-113667,cuotas_pagadas,48,True,False,2.8856367483766325,-18.5,41.5,1.2412186443681283,Ambos métodos,Posible valor extremo; revisar con reglas de negocio.
13745,CLI-113745,cuotas_pagadas,48,True,False,2.8856367483766325,-18.5,41.5,1.2412186443681283,Ambos métodos,Posible valor extremo; revisar con reglas de negocio.
13777,CLI-113777,cuotas_pagadas,48,True,False,2.8856367483766325,-18.5,41.5,1.2412186443681283,Ambos métodos,Posible valor extremo; revisar con reglas de negocio.
13830,CLI-113830,cuotas_pagadas,48,True,False,2.8856367483766325,-18.5,41.5,1.2412186443681283,Ambos métodos,Posible valor extremo; revisar con reglas de negocio.
13836,CLI-113836,cuotas_pagadas,48,True,False,2.8856367483766325,-18.5,41.5,1.2412186443681283,Ambos métodos,Posible valor extremo; revisar con reglas de negocio.
13850,CLI-113850,cuotas_pagadas,48,True,False,2.8856367483766325,-18.5,41.5,1.2412186443681283,Ambos métodos,Posible valor extremo; revisar con reglas de negocio.
13853,CLI-113853,cuotas_pagadas,48,True,False,2.8856367483766325,-18.5,41.5,1.2412186443681283,Ambos métodos,Posible valor extremo; revisar con reglas de negocio.
13877,CLI-113877,cuotas_pagadas,48,True,False,2.8856367483766325,-18.5,41.5,1.2412186443681283,Ambos métodos,Posible valor extremo; revisar con reglas de negocio.
13880,CLI-113880,cuotas_pagadas,42,True,False,2.3820449868170406,-18.5,41.5,1.2412186443681283,Ambos métodos,Posible valor extremo; revisar con reglas de negocio.
13888,CLI-113888,cuotas_pagadas,48,True,False,2.8856367483766325,-18.5,41.5,1.2412186443681283,Ambos métodos,Posible valor extremo; revisar con reglas de negocio.
13904,CLI-113904,cuotas_pagadas,48,True,False,2.8856367483766325,-18.5,41.5,1.2412186443681283,Ambos métodos,Posible valor extremo; revisar con reglas de negocio.
13912,CLI-113912,cuotas_pagadas,48,True,False,2.8856367483766325,-18.5,41.5,1.2412186443681283,Ambos métodos,Posible valor extremo; revisar con reglas de negocio.
13919,CLI-113919,cuotas_pagadas,48,True,False,2.8856367483766325,-18.5,41.5,1.2412186443681283,Ambos métodos,Posible valor extremo; revisar con reglas de negocio.
13935,CLI-113935,cuotas_pagadas,48,True,False,2.8856367483766325,-18.5,41.5,1.2412186443681283,Ambos métodos,Posible valor extremo; revisar con reglas de negocio.
13963,CLI-113963,cuotas_pagadas,48,True,False,2.8856367483766325,-18.5,41.5,1.2412186443681283,Ambos métodos,Posible valor extremo; revisar con reglas de negocio.
14007,CLI-114007,cuotas_pagadas,48,True,False,2.8856367483766325,-18.5,41.5,1.2412186443681283,Ambos métodos,Posible valor extremo; revisar con reglas de negocio.
14062,CLI-114062,cuotas_pagadas,48,True,False,2.8856367483766325,-18.5,41.5,1.2412186443681283,Ambos métodos,Posible valor extremo; revisar con reglas de negocio.
14073,CLI-114073,cuotas_pagadas,48,True,False,2.8856367483766325,-18.5,41.5,1.2412186443681283,Ambos métodos,Posible valor extremo; revisar con reglas de negocio.
14106,CLI-114106,cuotas_pagadas,42,True,False,2.3820449868170406,-18.5,41.5,1.2412186443681283,Ambos métodos,Posible valor extremo; revisar con reglas de negocio.
14130,CLI-114130,cuotas_pagadas,48,True,False,2.8856367483766325,-18.5,41.5,1.2412186443681283,Ambos métodos,Posible valor extremo; revisar con reglas de negocio.
14148,CLI-114148,cuotas_pagadas,48,True,False,2.8856367483766325,-18.5,41.5,1.2412186443681283,Ambos métodos,Posible valor extremo; revisar con reglas de negocio.
14160,CLI-114160,cuotas_pagadas,48,True,False,2.8856367483766325,-18.5,41.5,1.2412186443681283,Ambos métodos,Posible valor extremo; revisar con reglas de negocio.
14229,CLI-114229,cuotas_pagadas,48,True,False,2.8856367483766325,-18.5,41.5,1.2412186443681283,Ambos métodos,Posible valor extremo; revisar con reglas de negocio.
14249,CLI-114249,cuotas_pagadas,48,True,False,2.8856367483766325,-18.5,41.5,1.2412186443681283,Ambos métodos,Posible valor extremo; revisar con reglas de negocio.
14261,CLI-114261,cuotas_pagadas,48,True,False,2.8856367483766325,-18.5,41.5,1.2412186443681283,Ambos métodos,Posible valor extremo; revisar con reglas de negocio.
14378,CLI-114378,cuotas_pagadas,48,True,False,2.8856367483766325,-18.5,41.5,1.2412186443681283,Ambos métodos,Posible valor extremo; revisar con reglas de negocio.
14380,CLI-114380,cuotas_pagadas,48,True,False,2.8856367483766325,-18.5,41.5,1.2412186443681283,Ambos métodos,Posible valor extremo; revisar con reglas de negocio.
14384,CLI-114384,cuotas_pagadas,42,True,False,2.3820449868170406,-18.5,41.5,1.2412186443681283,Ambos métodos,Posible valor extremo; revisar con reglas de negocio.
14469,CLI-114469,cuotas_pagadas,48,True,False,2.8856367483766325,-18.5,41.5,1.2412186443681283,Ambos métodos,Posible valor extremo; revisar con reglas de negocio.
14541,CLI-114541,cuotas_pagadas,48,True,False,2.8856367483766325,-18.5,41.5,1.2412186443681283,Ambos métodos,Posible valor extremo; revisar con reglas de negocio.
14542,CLI-114542,cuotas_pagadas,48,True,False,2.8856367483766325,-18.5,41.5,1.2412186443681283,Ambos métodos,Posible valor extremo; revisar con reglas de negocio.
14566,CLI-114566,cuotas_pagadas,48,True,False,2.8856367483766325,-18.5,41.5,1.2412186443681283,Ambos métodos,Posible valor extremo; revisar con reglas de negocio.
14586,CLI-114586,cuotas_pagadas,48,True,False,2.8856367483766325,-18.5,41.5,1.2412186443681283,Ambos métodos,Posible valor extremo; revisar con reglas de negocio.
14606,CLI-114606,cuotas_pagadas,48,True,False,2.8856367483766325,-18.5,41.5,1.2412186443681283,Ambos métodos,Posible valor extremo; revisar con reglas de negocio.
14756,CLI-114756,cuotas_pagadas,48,True,False,2.8856367483766325,-18.5,41.5,1.2412186443681283,Ambos métodos,Posible valor extremo; revisar con reglas de negocio.
14794,CLI-114794,cuotas_pagadas,48,True,False,2.8856367483766325,-18.5,41.5,1.2412186443681283,Ambos métodos,Posible valor extremo; revisar con reglas de negocio.
14811,CLI-114811,cuotas_pagadas,51,True,True,3.1374326291564283,-18.5,41.5,1.2412186443681283,Ambos métodos,Valor extremo severo; validar con la fuente original.
14838,CLI-114838,cuotas_pagadas,48,True,False,2.8856367483766325,-18.5,41.5,1.2412186443681283,Ambos métodos,Posible valor extremo; revisar con reglas de negocio.
14842,CLI-114842,cuotas_pagadas,48,True,False,2.8856367483766325,-18.5,41.5,1.2412186443681283,Ambos métodos,Posible valor extremo; revisar con reglas de negocio.
14853,CLI-114853,cuotas_pagadas,42,True,False,2.3820449868170406,-18.5,41.5,1.2412186443681283,Ambos métodos,Posible valor extremo; revisar con reglas de negocio.
14855,CLI-114855,cuotas_pagadas,48,True,False,2.8856367483766325,-18.5,41.5,1.2412186443681283,Ambos métodos,Posible valor extremo; revisar con reglas de negocio.
14859,CLI-114859,cuotas_pagadas,48,True,False,2.8856367483766325,-18.5,41.5,1.2412186443681283,Ambos métodos,Posible valor extremo; revisar con reglas de negocio.
14872,CLI-114872,cuotas_pagadas,48,True,False,2.8856367483766325,-18.5,41.5,1.2412186443681283,Ambos métodos,Posible valor extremo; revisar con reglas de negocio.
14885,CLI-114885,cuotas_pagadas,42,True,False,2.3820449868170406,-18.5,41.5,1.2412186443681283,Ambos métodos,Posible valor extremo; revisar con reglas de negocio.
14894,CLI-114894,cuotas_pagadas,48,True,False,2.8856367483766325,-18.5,41.5,1.2412186443681283,Ambos métodos,Posible valor extremo; revisar con reglas de negocio.
14896,CLI-114896,cuotas_pagadas,48,True,False,2.8856367483766325,-18.5,41.5,1.2412186443681283,Ambos métodos,Posible valor extremo; revisar con reglas de negocio.
14948,CLI-114948,cuotas_pagadas,52,True,True,3.22136458941636,-18.5,41.5,1.2412186443681283,Ambos métodos,Valor extremo severo; validar con la fuente original.
14953,CLI-114953,cuotas_pagadas,48,True,False,2.8856367483766325,-18.5,41.5,1.2412186443681283,Ambos métodos,Posible valor extremo; revisar con reglas de negocio.
14955,CLI-114955,cuotas_pagadas,42,True,False,2.3820449868170406,-18.5,41.5,1.2412186443681283,Ambos métodos,Posible valor extremo; revisar con reglas de negocio.
